"","SalesID","DisplayName","CompanyID","CoShortName","LeadName","GradeID","LastGradeID","WinRate","OpenDate","LastContactDate","LastWorkDescription"
"699",9,"蔡坤庭(Justin)",11396,"?通","?通#","D","D",10,"2021-10-07","2021-10-07","""time:10:00
items: HK-LR-SR2
Application: 毫米波量測儀器
FC: 100 pcs/lot  amount: 8.8萬
內容: 拜訪採購Fenny,此客戶位於竹北,主要設計毫米波量測儀器, 先前OEM case 有被指定使用  HK-LR-SR2 , 告知Fenny此系列屬高頻產品,交期上較長,一定要提早備料, 另外提供HRS microwave test connectory 資料, 因目前RD不對外,故請他轉交其參考."""
"700",9,"蔡坤庭(Justin)",5629,"鑫豪-TP","鑫豪 # X-RAY INSPECTION CAMERA","B","D",10,"2014-10-24","2021-12-02","""time: :13:30
items: items:IX80G-B-10P/ IX30G-B-10S-CV(7.0)
Application：FA Camera
內容:與HRS Jennifer 共同拜訪RD李佩怡,提供上次所推展IX series,提供IX80G-B-10P/ IX30G-B-10S-CV(7.0)樣品,並討論先前HR10-7R-6PA(73)/ HR10-7P-6S(73)狀況,告知交期都要20 weeks以上,因客戶急需30sets,若來不及將先改為Micro USB 來當 power I/O"""
"701",9,"蔡坤庭(Justin)",10978,"鑫創科技","鑫創科技#MD-206D","C","C",10,"2019-05-23","2021-09-29","""time: 13:40
items: FH34SRJ-4S-0.5SH 
Application: TWS
 Project name: MD-206D
PP:2022.02
MP:2022.04
Forecast: 3K~5K/M  amount: NTD: 2萬
內容: 拜訪新 sourcer 許智能, 先前sourcer 已離職, 許'r也介紹負責TWS RD Carey, 除提供上次所需求FH34SRJ-4S-0.5SH樣品,並再介紹HRS 在TWS上可運用產品,小型板對板 : BM23FR (結合力:90N) / BM23PF (結合力:90N)/BM25 (結合力:70N) / BM28 / BM29 及 type C --- CX90 防水type. Carey表示設計時會參考"""
"702",9,"蔡坤庭(Justin)",11427,"躍訊","躍訊#線束廠","D","D",10,"2021-12-27","2021-12-28","""1. Time：13：50 
2. Item + price：GT17VS-6DS-HU GT17VSA-6DS-HU GT17VSNA-6DP-HU GT17VSN-6DP-HU GT17W-6S-HU GT17W-6PP-HU GT17V-6DS-2C GT17VS-6DS-R GT17VS-6DS-SC GT17VS-6DS-5CF  GT17-2428SCF GT17-2428PCF NTD 184 
3. Application + 產業別：線束廠 
4. End User： HINO商用車行車視野輔助系統
5. PP時間：2022/04 
6. MP時間、金額：2022/06、NTD:18.7萬、FCST:1000套/月 
7. 拜訪內容 拜訪江總，先前本來想用特八頭來取代GT17 in line type,降低成本,但似乎是測試沒過,因此又重新回歸詢問GT17 in line type,告知此系列因受到PA66影響,交期需要32 weeks, 且都無庫存,因此若需要小量試產,煩請盡速下樣品單"""
"703",9,"蔡坤庭(Justin)",11438,"鏵鼎","鏵鼎#","D","D",10,"2022-01-21","2022-01-24","""1.time：15:45。 
2.Item+price：DF40C-60DP-0.4V(51)
3.Application+產業別：手持式支付裝置
4.Model: NA
5.PP時間：預計2022.4月、PP數量：50pcs。 
6.MP時間：預計2022.6月、MP數量: 20K/M、MP金額：NT:30萬
內容: 拜訪採購Anita,此客戶是FPC廠,製造生產都在台灣,目前有一case,是運用在手持式支付裝置,使用到DF40C-60DP-0.4V(51),FC:20K/M,告知此系列目前交期很不好,至少要24 weeks,將先申請四月所需50 pcs 樣品,價格部分,請客戶提供最終客戶,以利確認是否有contract price?"""
"704",9,"蔡坤庭(Justin)",6553,"耀崴-TP","耀崴# EM100","B","B",10,"2014-04-07","2022-04-14","""time: 13:40
iterm: FH52-10S-0.5SH/FH52-50S-0.5SH
Project Name: EM100
Application: rearview mirror for automotive electronics
Annual Qty: 15~24K/Y
6.MP時間：預計2022.Q4、MP數量：2K/M、MP金額：NT5.1萬。
內容: 拜訪sourcer Jessie, RD 周'r 追蹤此case狀況 , 原本將在Q2進行PP,此case 主要是for 大陸 VW SUV, 因近期大陸疫情嚴重,加上主動元件有些料況也不理想,因此量產計畫已推延至Q4,告知今年FH52交期非常吃緊,務必要提早備料準備"""
"705",9,"蔡坤庭(Justin)",669,"羅姆-TP","羅姆RR264MP-400TR","A","C",10,"2021-09-16","2021-09-17","""time: 10:45
items: RR264MP-400TR 
enduser: 健和興
內容: 拜訪ROHM 窗口林俊行, 針對在途5.3KK交期進行討論,健和興要望交期: 10/15 --500K, 11/15-- 1.2KK, 12/15:1.2KK  1/15:2.4KK,務必請林'R支持, 且2022 forecast AVG:1.2KK/M , 另外討論車用市場及儲能市場可應用的產品,林'R表示這部分會請示主管, 是否我司可以推展"""
"706",9,"蔡坤庭(Justin)",7651,"醫電鼎眾-TP","醫電鼎眾#X2202","E","E",10,"2015-05-13","2022-03-24","""1.time：10:40 
2.Item+price：BM23FR0.6-12DP-0.35V/ BM23FR0.6-12DS-0.35V/FH34SRJ-32S-0.5SH
3.Application+產業別：工業用內視鏡
4.Model:  X2202
5.PP時間：預計2022.9月、PP數量：20pcs。 
6.MP時間：預計2022.11月、MP數量: 1K /lot、MP金額：NTD:2萬
內容: 拜訪RD Mike,主要設計製造工業用內視鏡,目前已2M為主 (1920x1080), display :FPC 推薦FH34SRJ-32S 目前主要使用Local ( 主要是MOQ 數量問題) 在sensor & control board,找尋12 pin 結合高度空間越小越好,推薦BM23FR0.6-12DP-0.35V/ BM23FR0.6-12DS-0.35V, competitor: Nais,I/O : 是自己客製化開模
semitec: 依客戶需求,先前有使用過Murata,已SMD為主,對應FTseries,會納入參考"""
"707",9,"蔡坤庭(Justin)",11386,"藍海","藍海#FSS","A","D",10,"2021-09-16","2021-12-17","""time: 15:55
items: GT8E-3S-HU GT8B-2428SCF
Project name: FSS;
Application: Vehicle self-security system
End Customer: Ford China;
已量產:  80K/lot amount: NTD: 44.2萬
內容: 拜訪Jon, 把今日所到貨30K 套立即送過去, 此部分也是藍海最後訂單,此case後續將由我司直接與阜鼎交易,目前在途有100K,持續pull in,阜鼎林老闆表示,有pull in 進來的數量,都可隨時出貨,也請林老闆把持續把後面需求量提早下單"""
"708",9,"蔡坤庭(Justin)",11387,"鴻華","鴻華#battery controller / Motor","C","D",10,"2021-09-17","2022-03-11","""1.time：13:10 
2.Item+price： semitec
3.Application+產業別：battery controller 
內容: 拜訪RD 簡'r主要設計 Power 電池部分, 討論NTC運用,目前設計會使用SMD type, 每個battery module會使用1個,都要符合 AEC-Q100,將會詢問Semitec是否有符合,雖目前是使用CATL但為了爭取政府補助,現在與鴻海的D 事業群,已在研發電池.從電芯packing ,module BMS整套Power system,"""
"709",9,"蔡坤庭(Justin)",11387,"鴻華","鴻華#Motor & 驅動器","D","D",10,"2022-02-11","2022-02-14","""time: 15:20
Application+產業別：Motor & 驅動器
內容: 拜訪RD scott主要設計Motor & 驅動器, 詢問Motor & 驅動器相關 NTC訊息,在電動車此部分 溫度-40~100度 , 類似 semitec screw series, 目前是使用兩組,因目前此部分外購,使用日本尼得柯,因此都已設定好,現階段無法變更, 但日後有規劃將自行設計,將會納入參考"""
"710",9,"蔡坤庭(Justin)",1478,"鴻琳科技-TP","鴻琳#","C","C",10,"2018-07-16","2022-05-11","""1.Item：15:45 
2.Item+price：DF19-20S-1C/DF19G-20S-1C(06)/DF19A-2830SCFA
3.Application+產業別： display
4.Model: N/A
5.PP時間：預計2022.8月、PP數量：20pcs。 
6.MP時間：預計2022.10月、MP數量：1K/M、MP金額：2.4萬
內容: 拜訪採購Vivian 此客戶主要是harness cable maker,主要是以消費性市場及IPC市場,目前有一日本case,需求是LVDS cable, 使用DF19-20S-1C/DF19G-20S-1C(06)/DF19A-2830SCFA,因客戶指定用原廠,否則大都使用Local 替代,告知因金屬原料大缺,交期部分非常不好,務必提前備料"""
"711",9,"蔡坤庭(Justin)",5635,"鴻呈-TP","鴻呈#","E","D",10,"2013-01-10","2021-09-28","""time: 13:40
items: DF57-3S-1.2C/ DF57-2830SCF
application: 家電
內容: 此客戶是Harness maker, 總公司在台灣 主要是管理單位跟業務,工廠在大陸江蘇&江西,及越南,此次所詢是替越南廠代尋, 因此料目前交期很久,欠料急需,試問台灣是否有庫存? 藉此機會拜訪採購錢's, 採購表示大陸廠部分都是現地採購DDU人民幣開票, 台北部分只會替越南代購料, 因此有告知採購,若有需情交台灣,我司是可提供服務, 將先藉由此兩個items 當敲門磚,建立起關係"""
"712",9,"蔡坤庭(Justin)",6473,"聯城工業-TP","聯城工業#","E","E",10,"2014-02-12","2022-05-05","""Time:15:40
items: FH52K-50S-0.5SH
Project no: N/A
Application: Dashboard
內容: 拜訪RD 蕭'r, 此客戶為設計製造dashboard for 汽機車,除在台灣外,大陸福州 惠州都有設廠,此次介紹FH52K 車規產品,可運用在LCM上,蕭'r表示,公司先前產品大都是類比為主,近年來才開始轉向電子式,會把此資料納為參考,另外得知, 此集團另一公司,全台電機主要是設計馬達,位於桃園,擇期拜訪"""
"713",9,"蔡坤庭(Justin)",10420,"聯合技控(玖旺)-TP","聯合技控(玖旺)#真空幫浦","D","D",10,"2022-04-01","2022-06-08","""time: 15:45
items: DF1B-2S-2.5R/DF1B-3S-2.5R/DF1B-2022SCF
Project name: NA
Application: 真空幫浦
Enduser: 漢鐘
已量產:  2K/lot amount: NTD: 1.2萬
內容: 拜訪採購 鍾小姐, 因漢鐘本月突急需2K線材,但此料受到PA66影響,交期至少要24weks以上,目前雖在途共有16.5K,原本是for Q3 Q4,希望能在下星期先提供2K,當下與HRS Eva 電話說明,經Eva 與日本確認,目前工廠是無庫存,因此下周是無可能到貨,會再盡力與工廠協調"""
"714",9,"蔡坤庭(Justin)",11447,"龍翩","龍翩#真空蒸鍍設備","D","D",10,"2022-02-23","2022-02-24","""1.Item：16:00。 
2.Item+price：RM12BPE-7PH(76)+RM12BRB-7S(09)
3.Application+產業別: 真空蒸鍍設備
內容: 新客戶 初次拜訪, 拜訪sourcer 陳's,此客戶主要是真空鍍膜機的開發及製造,目前有一case 是 for JP, 對外連接I/O 有被指定,經核對為HRS RM12BPE-7PH(76)/ RM12BRB-7S(09),將先提供圖面資料供參考,並申請1 sets樣品供測試,另外得知主要外銷市場為 中國大陸與東南亞,介紹Okaya SPD LV series,用AC100V以下的電源使用SPD, 可承受500次突波,在電源供應不穩的國家,來保護自身的產品,此部分陳's表示會納為參考"""
"715",9,"蔡坤庭(Justin)",2099,"融程電訊-TP","融程電訊#M700 core","D","D",10,"2022-03-21","2022-03-22","""1.time：13:25。 
2.Item+price：FH35C-39S-0.3SHW(50)
3.Application+產業別：Tablet
4.Model:M700 core
5.PP時間：預計2022. 9月、PP數量：10pcs。 
6.MP時間：預計2022 12月、MP數量: 5K/lot、MP金額：NT:10萬
內容:(新客戶) 拜訪sourcer kelly,此客戶為強固型平板電腦和手持式裝置之設計製造廠商,以x86/ARM 架構平台,產品廣泛應用於船舶、軍警、物聯網、交通運輸、醫療等,目前有一case 10.1""""尋找pitch:0.3mm 39 pin,介紹FH35C-39S-0.3SHW 上下接點優勢,將申請樣品供其測試,另外I/O部分,介紹TYPE-C 防水CX90BW-16P,將會先以FPC 當敲門磚打入此客戶"""
"716",9,"蔡坤庭(Justin)",1644,"磐儀ARBOR-TP","磐儀#ECORE-a22","D","D",10,"2022-04-19","2022-04-26","""1.time：13:30。 
2.Item+price：DF50-40DP-1V(52) / DF50S-40DS-1C / DF50-2830SCFA
3.Application+產業別：Packing Machine
4.Model:ECORE-a22
5.PP時間：預計2022.12月、PP數量：10 pcs。 
6.MP時間：預計2023.2月、MP數量：1K/lot、MP金額：NT: 4.2萬
內容: 拜訪採購Alina,提供DF50-40DP-1V(52)10 pcs 樣品供測試,Alina突然表示於月底將離職, 到職不到一個月,Alina 也介紹將接替他職務的lily,於昨日才報到,大概介紹目前與貴司配合的流程,若有任何問題隨時與我&Irene聯絡,務必在短期內建立起關係"""
"717",9,"蔡坤庭(Justin)",1644,"磐儀ARBOR-TP","磐儀#Pad for Medical","D","D",10,"2021-12-27","2022-04-08","""time: 14:00
items: FH34SRJ-40S-0.5SH(50)/FH34SRJ-10S-0.5SH(50)
Projector No: NA
Application:  Pad for Medical
PP: 2022.10
MP:2022.12  Forecast: 5K/Q amount: NTD:8萬
內容: 拜訪 new sourcer Alina,Amber 已離職, 重新建立起關係,目前有一new case for Medical,在尋找FPC 10/40 pin for touch & Panel, 推薦FH34SRJ-40S-0.5SH(50)/FH34SRJ-10S-0.5SH(50),說明上下接點的優點,希望再藉由此能切入FPC 項目,並告知Alina請提供目標價,我司會盡力爭取價格."""
"718",9,"蔡坤庭(Justin)",1644,"磐儀ARBOR-TP","磐儀#Are5320","D","D",10,"2021-12-08","2022-01-10","""time:14:10
items:FX8C-100P-SV2/FX8C-100S-SV5
Project:Are5320
Application: Box PC
5.PP時間：預計2022.5月、PP數量：20pcs。 
6.MP時間：預計2022.9月、MP數量：500 sets/lot、MP金額：NT6.25萬。
內容:拜訪RD Frank, 針對新的box pc, 因上次建議使用100pin H:12mm, 提供FX8C-100P-SV2/FX8C-100S-SV5樣品,供其測試,競爭者有Smatec,告知Frank, 若FX8可適用,價格上請提出目標價,我司會盡力meet 其價格  """
"719",9,"蔡坤庭(Justin)",1644,"磐儀ARBOR-TP","磐儀#AS08","D","D",10,"2022-05-26","2022-05-27","""1.Time：13:45 
2.Item+price:  BM25-4P/2-V(51) / BM25-4S/2-V(51)
3.Application+產業別：手持式POS
4.Model: AS08
5.PP時間：預計2022.06、PP數量：10 pcs。 
6.MP時間：預計2022 Q4、MP數量：500/M
內容: 拜訪RD 陸'r, 目前正在設計手持式POS,在battery 因空間上限制,將採用B to B,以便於組裝,介紹BM25 series,10Amps/ 2 pin for power , 0.3Amps /4 pin for signal且結合力可達70N,H:0.7mm,非常適合手持式裝置,將先行提供spec & drawing, 並將申請20 pcs樣品供其測試"""
"720",9,"蔡坤庭(Justin)",1644,"磐儀ARBOR-TP","磐儀#強固型平板","D","D",10,"2022-06-02","2022-06-06","""1.Time：13:45 
2.Item+price: FH12A-40S-0.5SH(55)
3.Application+產業別：強固型平板
4.Model: NA
5.PP時間：預計2022.09、PP數量：20 pcs。 
6.MP時間：預計2022 11、MP數量：500/M
內容: 拜訪sourcer Lusia,目前規劃一款新的強固型平板,先前是使用FH12-40S-0.5SH,但因機構問題,需要上接點,且不希望FPC修改,因此只能建議使用FH12A-40S-0.5SH,將申請20 PCS樣品供其測試,並在告知此系列也是受到PA66影響,交期非常不穩,須留意"""
"721",9,"蔡坤庭(Justin)",1644,"磐儀ARBOR-TP","磐儀#","C","A",10,"2018-05-09","2021-10-08","""time: 10:20
Project: 2021 Q4 價格 issue
內容: 拜訪採購經理Tom及採購兼sourcer Amber, 會中他們把目前磐儀曾使用的items list, 針對Q4價格議價討論, 告知Tom & Amber,目前這階段無論原物料及運費都上漲, 我司都盡全力替貴司維持既有價格,盡可能不讓價格調漲,所以並無降價空間
"""
"722",9,"蔡坤庭(Justin)",1644,"磐儀ARBOR-TP","磐儀#PD470/PD510","A","A",10,"2019-02-21","2022-05-03","""time:13:40
items: FH26W-39S-0.3SHW(60)
Project name: PD470/PD510
Application: Handling PDA(醫療物流用手持式PDA)
End Customer: Arbor
PP:2022.02  
MP: 2022.Q1
FC: 5K/ lot amount:NTD 12萬
內容:拜訪RD Ben,確認此案子進度, Ben 表示次是已無問題,已呈交至採購端,本周應該會下單,立即與新採購lisa確認,Lisa表示已在審核,本周內會下單給我司,告知因疫情影響,交期非常不穩,務必提早備料"""
"723",9,"蔡坤庭(Justin)",1644,"磐儀ARBOR-TP","磐儀# IEC-990X","C","A",10,"2019-04-03","2022-06-16","""1.Time：13:50
2.Item+price: FH12A-40S-0.5SH(55) / TF31-6S-0.5SH(800)
3.Application+產業別：Video system
4.Model: IEC-990X
5.PP時間：預計2022.10、PP數量：10pcs。 
6.MP時間：預計2022 12、MP數量：2K/lot 金額:NTD 5.8萬
內容: 拜訪sourcer Lusia, 針對此case,找尋FPC 上接點40Pin ( display ) + 下接點 6pin ( switch board) 分別推薦 FH12A-40S-0.5SH(55) / TF31-6S-0.5SH(800), FPC 主力將會以TF31為主,除有價格優勢外,交期也優於FH12/FH34SRJ,將申請樣品10 pcs供其測試,並把TF31圖紙讓其機構RD核對"""
"724",9,"蔡坤庭(Justin)",1644,"磐儀ARBOR-TP","磐儀#EmETX Board","C","C",10,"2019-12-19","2021-11-09","""time: 10:50
Items: DF50A-4P-1H(51)/DF50A-4S-1C/DF50-2830SCFA
內容:與HRS Jennifer 共同拜訪sourcer Lusia,Lusia表示因IC缺貨尤其是TI,因此先前規劃的new case,都延後,會中討論連接器供應商.以local 漢荃 宏致為主,得知4pin pitch:1mm W to B 用的數量最多,推薦  DF50A-4P-1H(51), 將先提供spec & drawing 並申請樣品 供RD 核對."""
"725",9,"蔡坤庭(Justin)",6712,"磐旭-TP","磐旭#CR560","E","D",10,"2019-11-27","2021-09-01","time: 16:10
Application: 手持式行動裝置、條碼掃描器、RFID自動資料讀取器
內容: 拜訪RD 葉'r, 因磐儀組織調整, 磐旭將負責軟體, 硬體及韌體都由磐儀負責,生產則由大陸磐鴻負責. 採購統一由磐儀負責"
"726",9,"蔡坤庭(Justin)",6712,"磐旭-TP","磐旭#手持通訊裝置(GT500)","C","D",10,"2014-06-15","2022-01-03","""1.Item：15:20。 
2.Item+price：RDED-9P(55)/TF31
3.Application+產業別： RFID自動資料讀取器
4.Model: N/A
內容: 拜訪RD Gordon.目前在"
"727",9,"蔡坤庭(Justin)",6712,"磐旭-TP","磐旭#K480","D","D",10,"2022-01-20","2022-02-10","""1.time：15:30 
2.Item+price： FH34SRJ-26S-0.5SH/FH34SRJ-25S-0.5SH/ DF17(3.0)-50DS-0.5V(57)/DF17(2.0)-50DP-0.5V(57)
3.Application+產業別：手持式POS for 倉儲
4.Model:  K480
5.PP時間：預計2022.7月、PP數量：10pcs。 
6.MP時間：預計2022.12月、MP數量: 1K/lot、MP金額：NTD:6.5萬
內容: 拜訪RD Gordon,針對美國客戶設計新款手持式pos for 倉儲業, 提供上次所推薦4.8"""" panel --- FH34SRJ-26S-0.5SH, Keyboard ---FH34SRJ-25S-0.5SH  main board to I/O board --- DF17(3.0)-50DS-0.5V(57)/DF17(2.0)-50DP-0.5V(57) 15 sets 樣品供其測試,價格部份也請Gordon 提供其目標價,我司會極力爭取"""
"728",9,"蔡坤庭(Justin)",6712,"磐旭-TP","磐旭#K350","D","D",10,"2022-04-22","2022-05-20","""1.time：15:40 
2.Item+price：TF31-30S-0.5SH(800) 
3.Application+產業別：手持式POS for 倉儲
4.Model:  K350
6.MP時間：已量產
內容: 拜訪RD Gordon,提供TF31-30S-0.5SH 樣品20 pcs,先前是使用FH12-30S-0.5SH(55)因此次HRS調漲價格,且幅度很大,價格是無法回復到原本價格,Gordon已確認機構是可以,layout部分為做修改即可,若此次RD 測試OK,將會進行料件變更"""
"729",9,"蔡坤庭(Justin)",10818,"熱映光電","熱映光電#","E","E",10,"2019-06-19","2021-12-28","""1.Time：15:20。 
2.Item+price：FH35C-21S-0.3SHW
3.Application+產業別：額溫槍
4.End User：N/A
5.PP 時間 : 2022.6  PP: 50 pcs
6.MP時間：預計2022.8月、MP數量：5K~10K/lot、MP金額：NT12萬。
Product: 紅外線精密溫度儀、二氧化碳監測儀等高精度電子量測設備，及耳溫槍
內容: 拜訪RD Alan 課長, 提供FH35C-21S-0.3SHW樣品 for 2022  自主品牌Radiant 額溫槍, 將運用在彩色顯示屏上,因 FH35C,上下接點,可根據不同機構設計來使用,若測試OK,將可導入其他產品上.
"""
"730",9,"蔡坤庭(Justin)",11423,"歐智達","歐智達#","D","D",10,"2021-12-10","2021-12-13","""time: :13:30
items: items:HR10A-7R-6P/HR10A-7P-6S/IX80G-B-10P/ IX30G-B-10S-CV(7.0)
Application：自動光學檢測
內容:新客戶, 拜訪副總Allen, 此客戶主要產品機器視覺系統及設備的開發,此次介紹I/O部分,除HR10A系列外,另外介紹IX系列,除可替代RJ45 小型化外,若需要小型I/O更適合適,傳輸速度高速傳輸10G.且可抗雜訊,帶lock,且有A/B 兩種key, 且已有日本歐洲廠商已有使用,副總表示會參考."""
"731",9,"蔡坤庭(Justin)",1662,"歐普羅-TP","歐普羅#TC-22C","C","C",10,"2019-01-09","2022-06-06","""time: 15:15
items:FH35C-15S-0.3SHW
Application：IP cam+熱成像
Enduser: Appro (own brard)
PP：2022.Q4
MP：2023.Q1
The forecast：200 /lot
內容:拜訪RD Jacky, 設計新款熱成像雙光譜網路攝影機(2M), 在熱成像Module 需要pitch:0.3mm / 15 pin, 推薦FH35C-15S-0.3SHW 上下接點,此優勢可免除日後因機構問題所要考慮需上接點或下接點,此影像傳輸後送是採 LTE 4G, SIM卡式使用nano SIM --local."""
"732",9,"蔡坤庭(Justin)",1390,"摩太MOTAC-TP","摩太#","D","D",10,"2015-04-22","2022-04-29","""1.Item：10:25 
2.Item+price：DF40C-20DP-0.4V(51) 
3.Application+產業別： camera module
4.Model: NA
5.PP時間：預計2022.6月、PP數量：100pcs。 
6.MP時間：預計2023.9月、MP數量：20K/M、MP金額：10萬
內容: 此客戶為FPC maker,拜訪吳副總,目前有一case使用DF40C-20DP-0.4V(51) 打在FPC上,是運用在camera,FC:20K/M,因此case是它們接第二手,所以不知最終端客戶為何? 因此攜往我司能提更覺有競爭性價格,吳副總表示,銅材物料漲價,FPC 也面臨漲價及交期壓力,告知HRS此料交期也非常不好,屬配貨料件,務必要提早備料"""
"733",9,"蔡坤庭(Justin)",10794,"廣普-TP","廣普#EzMate","D","E",10,"2018-08-17","2022-01-11","""time:13:25
items:DF52-20S-0.8H(21)/DF52-20P-0.8C/DF52-2832PCF
Application: 自動移液系統儀器
Project: EzMate
PP: 2022.02
6.MP時間：預計2022.6月、MP數量：500/lot、MP金額：NT:7.5萬
內容:拜訪RD sam,提供先前所介紹低背B to W,且有帶lock,DF52-20S-0.8H(21)/DF52-20P-0.8C/DF52-2832PCF 樣品各20 pcs供其本月測試,但Sam表示, 因MCU還未到齊,因此會延到年後才會測試,harness 長度部分先以50cm 雙頭先測試,希望線材外被能盡量軟,因會左右移動拉扯,此部分會請阜鼎幫忙打線"""
"734",9,"蔡坤庭(Justin)",10794,"廣普-TP","廣普#BR-ED","D","D",10,"2022-04-07","2022-06-07","""1.time：10:40。 
2.Item+price：3560-10SR(70)/3530A-10P-CV(50)
3.Application+產業別：分光光度計
4.Model:BR-ED
5.PP時間：預計2022.9月、PP數量：10 pcs。 
6.MP時間：預計2022.12月、MP數量：1K/lot、MP金額：NT:6.65萬
內容: 拜訪RD Nancy, 提供新料件為3560-10SR(70) 樣品 5 pcs 供其測試,與舊料layout不變,因客戶主要產品為醫療檢驗設備,需左右前後擺動.故介紹DF50A W to B, pitch 1mm 且鎖扣設計在正中間,更能在設計上更省空間,FFC 則介紹FH52 一樣有帶鎖扣且告知此系列試車規產品,通過車規振動測試.此部分Nancy表示在新機種設計會納入參考"""
"735",9,"蔡坤庭(Justin)",7263,"億圖-TP","億圖 # CNC控制器","E","E",10,"2015-03-27","2022-03-31","""1.time：10:30
2.Item+price：TF31/ IX series
3.Application+產業別：CNC controller
內容:新客戶 首次拜訪 拜訪sourcer 羅文正,此公司主要設計CNC controller,主要市場為傳產業,台灣為研發中心,生產則在大陸廣州,羅'r有拿出一片控制板介紹,對外連結I/O 以D sub 為主 及端子台, 所以沒有使用w to B, 向其介紹小型I/O IX series,傳輸速度高速傳輸.且可抗雜訊,帶lock,雖只有10 pin 但小型化,可使用2組並排並有A/B 兩種key來區別,且cable部分採IDC 方式,便於在現場組裝,此部分會納入考慮"""
"736",9,"蔡坤庭(Justin)",1693,"億昶祥YCH-TP","億昶祥#車用Cable","D","D",10,"2015-01-29","2022-01-04","""1.time: 10:40
2.Items: GT36S-1/1/1/1P-DS(ABCD)/GT36S-1S-HU(A)/GT36S-1S-HU(B)/GT36S-1S-HUc/GT36S-1S-R/GT36S-2426/1.6-2.9SCF
3.Application: 車用Antenna
4.Enduser: 群瑜
5.PP時間：預計2022.5月、PP數量：100pcs、PP金額：NT0.8萬。 
6.MP時間：預計2022.9月、MP數量：1K、MP金額：NT8萬。
 內容: 拜訪RD 莊先生, 針對群瑜GT36S case 確認新進度,莊'r表示先前已提供5套,供其群瑜測試,目前仍還未得到群瑜的反饋,似乎已停滯,無新的inquiry,另外拜訪採購 Judy,目前所接的案子車用天線都使用Fakra type or 住友 為主, 數位電視天線、GPS天線則都使用SMA頭.local,告知非HRS 部分有需求時,我司也可協助"""
"737",9,"蔡坤庭(Justin)",586,"億威EMMT-TP","億威#","C","C",10,"2019-09-12","2021-10-13","""Time: 16:10
items: BM10NB(0.8)-20DS-0.4V(51)
Application:無線對講機 模組
PP: 2021.12
MP:2022.03
FC: 1K/LOT  Amount: 0.9萬
內容:把試產樣品 送去 sourcer Howard, 但Howard 表示 因其他主動元件缺貨,故此case時程有被影響,將延後至明年才會量產,另外 拜訪新採購,由shenny負責,先前Karen已離職,告知目前因疫情影響,交期都延長至20weeks,務必提早備料"""
"738",9,"蔡坤庭(Justin)",4683,"億昇電子ACEWELL-TP","億昇#TINY2","D","D",10,"2019-10-08","2021-10-06","""time:16:00
items:DF12NB(3.0)-10DP-0.5V(86)/ DF12NB(3.0)-10DS-0.5V(81)
Application: dashboard for 自行車
Project: Tiny2
PP:2022, 2
MP:2022.04
FC: 2K/M Amount:3萬
內容:拜訪sourcer 李宜錚, 確認此案進度,sourcer 告知 因其他主動元件MCU缺貨, 所以連sample run 都無法做, 此案不得不就暫緩, 告知李's, 目前HRS交期非常不好,也都需要近20 weeks, 一定不能等IC到貨時再來採購連接器, 務必要提早備料"""
"739",9,"蔡坤庭(Justin)",10999,"綠基","綠基#NCr-811 series ( 5M)","D","D",10,"2021-11-17","2022-01-03","""1.Item：13:40。 
2.Item+price：DF13-8P-1,25V(76)/ FH34SRJ-20S-0.5SH(50)
3.Application+產業別： IP cam (5M)
4.Model: NCr-811 series ( 5M)
5.PP時間：預計2022.2月、PP數量：100pcs。 
6.MP時間：預計2022.5月、MP數量：5K/lot、MP金額：NT:7.2萬
內容: 拜訪RD 李上皇, fm,確認此案進度,據RD李'r表示,先前因還有部分料件未到齊,所以有點延遲,預計測試時間在本月中, 主要競爭者是宏致, 線材部分是由採購負責,亞佳是線材其中一家,告知目前交期都不理想,若五月量產,務必在本月要下單,才有可能meet 的交期."""
"740",9,"蔡坤庭(Justin)",11399,"禎信","禎信#","D","D",10,"2021-10-08","2022-03-17","""time: 11:00
items: FH67-30S-0.5SV
Application: 鍵盤軟性電路板
MP: 2022.09 Forecast: 10K/M  amount:NTD 30萬
內容: 拜訪RD david,確認此CASE狀況,David 表示先前提供20 sets,終端客戶為IFM ELECTRONIC還在驗證中,軟體部分還需修改,因疫情關係影響,各方面整合更為耗時,本預計Q2量產,能會延至Q3."""
"741",9,"蔡坤庭(Justin)",11152,"碧煇","碧煇#RCA","E","E",10,"2019-11-15","2022-01-19","""1.time：15:45。 
2.Item+price： IX40A-8S-CV(6.4)/IX40A-8P-JC(7.1)
3.Application+產業別：Server motor (安川)
4.Model:  RCA
5.PP時間：預計2022.5月、PP數量：10pcs。 
6.MP時間：預計2022.8月、MP數量: 500 pc/lot、MP金額：
內容: 拜訪採購陳'r此客戶主要是線材廠,主要針對工控自動化產業,相關設備機台線材為主,此案是日本安川 server motor 線材,將使用IX40A-8S-CV(6.4)/IX40A-8P-JC(7.1)空中接頭,因此料再HRS官網查不到,但客戶有提供2D圖,確定是HRS,與採購陳'r說明,應該是HRS專為安川設計,是專用料,此部分會再向HRS確認, """
"742",9,"蔡坤庭(Justin)",5642,"漢鐘HANBELL-TP","漢鐘#真空幫浦","D","D",10,"2015-07-02","2022-01-13","""1.Item：16:15。 
2.Item+price：DF1BZ-2P/3P/4P/6P/10P/6DP/8DP/10DP/14DP/20DP-2.5DSA
3.Application+產業別: 真空幫浦
4.Model: N/A
6.MP時間：已量產
內容: 拜訪採購Justin RDMike & Flora, 先針對目前在交貨的DF1B交期部分討論,告知2022前半年,交期還是很嚴峻,還是沒改善,會一直與HRS協調交期.另外介紹DF22 for power 2 pin可達 25A/pin,且都有通過UL/C-UL/TUV, 且有不同的key可防呆,在設計上更便利"
"743",9,"蔡坤庭(Justin)",5642,"漢鐘HANBELL-TP","漢鐘#FMBA","D","D",10,"2022-04-13","2022-04-14","""1.time：10:20
2.Item+price：DF51-18DS-2C / DF51-18DEP-2C/ DF11-2428SCF/DF11-EP2428PCF
                        DF62B-24S-2.2C / DF62B-24EP-2.2C / DF62-2428SCF / DF62-EP2428PCF
3.Application+產業別：真空幫浦
4.Model:  FMBA
5.PP時間：預計2022.10月、PP數量：10pcs。 
6.MP時間：預計2022.12月、MP數量: 2K /M、MP金額：NTD 8.5萬
內容: 拜訪RD Mike, 新需求18 pin in line type, 向其介紹 DF51 & DF62 series, 雖DF62 無剛好18pin 是24pin, 但是蜂窩形排列,更是省空間,因此Mike 對此更有興趣,會後將先提供3D檔案去和機構,並申請樣品供其測試.另外介紹Semitec NTC,Mike表示台中廠主要是真空幫浦是使用不到,觀音廠主要是馬達,較有機會使用,此部分請Mike介紹引見,確定後立即約訪"""
"744",9,"蔡坤庭(Justin)",5642,"漢鐘HANBELL-TP","漢鐘(觀音)#冷媒壓縮機","D","D",10,"2022-05-18","2022-05-19","""1.time：13:30
2.Item+price：Semitec 103JT
3.Application+產業別：冷媒壓縮機
內容: 漢鐘觀音廠主要設計製造冷媒壓縮機,經由台中漢鐘介紹,拜訪sourcer 李'r, 李'r表示,他們所設計冷媒壓縮機主要是工業用不是家用,李'r表示在NTC部分,由外購電機系統上就已設計好,漢鐘本身無此需求,但會把Semitec資料納為參考"""
"745",9,"蔡坤庭(Justin)",10393,"漢穎-TP","漢穎#BMS","D","D",10,"2022-05-17","2022-05-18","""1.time：15:35 
2.Item+price： ZE05-12DP-2H
                        Semitec 103JT
3.Application+產業別：BMS
4.Model:  N/A
內容: 拜訪RD經理 Dale,主要研發的電池管理系統,電池模組主要運用在電動工具、電動二輪車、儲能系統,推薦ZE05系列,除可對內連接外,對外也可當I/O拉拔力可達98N,將先申請 ZE05-12DP-2H樣品供其參考.
Smitec: Dale 表示會使用到NTC 來測其電池溫度,使用Film型式及SMD type, 但是使用local 興勤,向其介紹Semitec 產品,會納入參考"""
"746",9,"蔡坤庭(Justin)",281,"暢拓-TP","暢拓 # N21","D","D",10,"2014-01-27","2022-05-12","""time: 15;50
items: DF52-10S-0.8H(21)/ DF52-12S-0.8H(21)/DF52-20S-0.8H(21)/DF52-10P-0.8C/DF52-12P-0.8C/DF52-20P-0.8C/DF52-2832PCF
Model: N21
Application: Desk-Top microphone
PP: 2022.3
MP:預計2022.10月、MP數量：500/M、MP金額：NT:13.5萬
內容:拜訪RD 陳亦豪, 確認縮小外觀組裝後電氣測試結果,目前電氣測試沒問題,因USA客戶無法來台驗收,已寄10台給客戶驗證,目前正等待客戶回應,陳'r表示原定8月量產,可能會延至10月,再次告知DF52交期非常不理想,務必要提早備料"""
"747",9,"蔡坤庭(Justin)",11431,"旗欣","旗欣#台北","D","D",10,"2022-05-23","2022-05-24","""1.time：15:40。 
2.Item+price：H13H-02P/H13H-03P/H13H-04P
3.Application+產業別：harness
4.Model:NA 
內容: 拜訪台北業務 Roger,此客戶為台灣連接器廠商,主要仿JST/Molex/HRS WtoB,雖安捷已下訂單,但交期還在安排中,因安捷另一客戶功能上有變更,需再測試20台,經與HRS協調Pside已調到,但housing 則無解,與旗欣Roger 討論是否有可對應且提供各20 pcs sample,經與旗欣總公司確認,目前是有樣品,將於明天從高雄寄出,一拿到將立即送去大朋打線,"""
"748",9,"蔡坤庭(Justin)",11439,"鈺邦","鈺邦#","D","D",10,"2022-02-08","2022-02-09","""1.Item：14:15。 
2.Item+price：DF1BZ-2P/3P/4P/6P/10P-2.5DSA
3.Application+產業別: 真空幫浦
4.Model: N/A
6.MP時間：2022.Q4 MP數量：1K、MP金額：NT4.5萬
內容: 新客戶 初次拜訪, 拜訪RD Andy & Rebecca,此客戶主要製造研發真空幫浦,如台中漢鐘客戶一樣,複製其經驗,在控制板上多使用Pitch 2mm B to W,DIP type, 常使用2~20 pin 不等,向其推薦DF1BZ series, 目前多使用local, 但看到HRS demo board實際操作,確實HRS的lock較佳且外觀看起來就較牢固,將先申請DF1BZ-2P/3P/4P/6P/10P-2.5DSA樣品供其測試,線材部分,是由採購負責發包出去,得知採購是田小姐,因在開會,擇期再約訪"""
"749",9,"蔡坤庭(Justin)",11481,"瑋宏","瑋宏#","D","D",10,"2022-05-17","2022-06-10","""time: 15:50
items: DF1BZ-3S/4DS/8DS-2.5RC/DF1B-2428SCF
Application: 真空幫浦
endusr: 漢鐘
6.MP時間：2022.08、MP數量：3K、MP金額：NT3.6萬
內容:  拜訪採購Paula,主要是針對漢鐘線材所需的DF1B housing 急需2K需求討論,告知目前我司也無庫存,且此料受到PA66影響,都得排單去pull in,到年底交期都不樂觀,要求請盡速下單,另告知,若有需求非HRS料件,我司也可提供服務."""
"750",9,"蔡坤庭(Justin)",11486,"鉅祥","鉅祥#","D","D",10,"2022-06-01","2022-06-02","""time:15:20
items:DF40 series
Application: CCM for car
內容: 新客戶 第一次拜訪,此客戶是造隆所介紹引薦,拜訪sourcer Rena,此公司最開始是從事精密連續沖模之設計,近年來才進入汽車市場,除車用機構件外,主要有車用鏡頭 以1M & 2M為主,向其介紹HRS for CCM產品 -- DF40,可用於CCM內部連接,且為車規產品,因疫情關係,Rena表示等到疫情趨緩後,在安排與RD介紹,此次會後會先將車用資料郵件給Rena."""
"751",9,"蔡坤庭(Justin)",10269,"裕泰","裕泰#","D","D",10,"2022-01-13","2022-05-25","""1.Item：10:35。 
2.Item+price：DF22A-3EP-7.92C/DF22-1416PCFA/DF22B/C-3RS/P-7.92/DF22-2S/3S-7.92C(28)/DF22-2RS/3RS/P-7.92/DF22-1416SCFA
3.Application+產業別: harness for power
4.Model: N/A
5.PP時間：預計2022.4月、PP數量：10pcs。 
6.MP時間：預計2022.5月、MP數量：1500/lot、MP金額：NT:10.4萬
內容: 拜訪業務卓's 及採購李's, 此客戶是漢鐘線材協力廠之一.本月下了1.5K for Q4需求, 此次前往了解打線上的問題,因在打3S時之所以卯合時無法夾緊,今確認其線材是採用UL1015 線徑較粗 ,需使用DF22A-1416SCFA而不是DF22-1416SCFA, 將立即申請樣品供其測試並報價"""
"752",9,"蔡坤庭(Justin)",1834,"董元-TP","董元#OBU 4.0","D","B",10,"2021-09-13","2022-06-01","""time: 10:50
items: GT17HS-4S-HU/GT17HS-4S-5CF/GT17H-4S-2C(A)/GT8-2428SCF(70)/DF3-8S-2C/DF3-2428SCFC
Project name:OBU 4.0
Enduser: 公信 ( Luxgen 車款)
PP:2022.06
MP: 2022.10 FC:500 sets/M amount:1.34萬
內容:拜訪PM tina, 針對GT17HS-4S-HU 相關資料MSDS/SGS/材質証明承認,已向日本申請,預計在下周會完成,另外tina告知也接到公信DF3-8S線材,也於本周下單5K給我司,因交期非常不理想,請我司務必幫忙
"""
"753",9,"蔡坤庭(Justin)",3718,"群特科技-TP","群特科技#401","D","D",10,"2022-01-19","2022-05-31","""1.time：15:45。 
2.Item+price： DF17(4.0)-20DS-0.5V(57)/DF17(2.0)-20DP-0.5V(57)/ semitec
3.Application+產業別：掌上型測量儀器
4.Model: 401
5.PP時間：預計2022.3月、PP數量：20pcs。 
6.MP時間：預計2022.8月、MP數量: 1K/lot、MP金額：NT:5.6萬
內容: 拜訪sourcer Ewa,介紹semitec NTC 可運用在溫度測試儀器, 但Ewa表示,因它們產品屬工業等級,溫度範圍 -200度~1300度,都使用RTD (高階機種) 或 Thermocouple 熱電偶 (一般機種) NTC 並不適合在它們產品, RTD 優勢精度高耐高壓高溫,熱電偶測量範圍大(-200℃~1300℃),反應時間快,價格低,但誤差較大"""
"754",9,"蔡坤庭(Justin)",5625,"群田SOUTHWOLD-TP","群田#電源供應器","D","D",10,"2022-03-03","2022-03-04","""1.time：15:40 
2.Item+price：DF63M-3P-3.96DSA/DF63-3S-3.96C/ DF63A-2022SCFA 
3.Application+產業別：電源供應器
4.Model:N/A
內容: 拜訪sourcer 顏's,客戶除接 光接收器、光發射器OEM case外,另外研發電源供應器,對其DF63M 小型化可達10A非常有興趣,可設計在小型電源供應器上,將申請各5sets,供其測試參考"""
"755",9,"蔡坤庭(Justin)",11414,"義傳","義傳#DIORA","D","D",10,"2021-11-09","2022-05-19","""time:13:50
items:FX23-20S-0.5SV/FX23-20P-0.5SV20 
Application： 5G RU
Model named：DIORA
End-user：NXP
M/P schedule：2022Q2
forecast: 1K/M amount:9.5萬
內容:拜訪RD 許'r & sunny, 針對此case與NXP 合作for 5G RU, FX23-20S-0.5SV/FX23-20P-0.5SV20 交期部分討論,雖先前告知交期非常不好,交期要到2022.04以後,但目前已進入五月,交期也都還未確認,在途252sets,客戶希望在六月初至少能出一半,此部分會再與HRS協調,"""
"756",9,"蔡坤庭(Justin)",11466,"萬世揚","萬世揚#","D","D",10,"2022-03-29","2022-05-11","""1.time：13:30
2.Item+price：HR30-7P-12S(71)/ HR30-7J-12P(71)
3.Application+產業別：半導體(二極體)整廠自動化設備
4.Project name: N/A
5.Forecast: 100 pcs/lot amount: NTD 3.9萬
內容: 拜訪RD  王協理,專營半導體(二極體)整廠自動化設備之設計,討論上次所介紹HR30-7P-12S(71)/ HR30-7J-12P(71) 2 sets 測試狀況,協理表示,組裝上確實比目前所用D SUB 15pin 空中接頭,方便快速且輕,協理表示價格上是另一要考量,此部分請他們提供目標價,我司會向HRS爭取"""
"757",9,"蔡坤庭(Justin)",1820,"盟訊UNICATION-TP","盟訊#VOX","D","D",10,"2022-05-13","2022-05-16","""1.Item：10:25 
2.Item+price: FH28-15S-0.5SH(05)  / DF13A-7P-1.25H(21)  
3.Application+產業別：Walkie-Talkie
4.Model:  VOX
5.PP時間：預計2022.6月、PP數量：100pcs。 
6.MP時間：預計2022.12月、MP數量：1K/M、MP金額：2.3萬
內容: 拜訪sourcer Cindy, 目前有新案子for USA 無線對講機,與盟訊美國共同開發,將使用 FH28-15S-0.5SH(05) for switch DF13A-7P-1.25H(21) for power board, 台灣只負責這兩塊板,預計6月份要進行第一次sample run 100 sets, 針對此sample run,u;樣品會向HRS申請,但請客戶下單購買"""
"758",9,"蔡坤庭(Justin)",1820,"盟訊UNICATION-TP","盟訊#對講機中繼站","D","D",10,"2022-05-30","2022-05-31","""1.Item：15:25 
2.Item+price: HR30-8P-12P(71)/  HR30-8R-12SD(31)
3.Application+產業別：對講機中繼站
4.Model:  N/A
內容: 拜訪sourcer Cindy, 目前針對對講機中繼站I/O再詢料,規格8~10 pin 小型輕量化,防水,介紹 HR30-8P-12P(71)/  HR30-8R-12SD(31) 除pin 數是12Pin外,都能滿足其要求,且結合方式是Push/pull lock更方便操作,將先行提供2D/3D 圖檔,核對機構並申請2 sets 供RD實際操作"""
"759",9,"蔡坤庭(Justin)",1820,"盟訊UNICATION-TP","盟訊#U4+","E","E",10,"2019-04-10","2022-04-06","""time: 15:25
items: DF40C-40DS-0.4(51)/DF40HC(3.0)-40DS-0.4V(51)/DF40HB(2.5)-10DS-0.4V(51)/DF40C-10DP-0.4V(51)/U.FL
Application:Portable radio
Project name: U4+
MP:2022Q3 FC: 1K/M amount: NTD 11.5萬
內容: 拜訪sourcer Cindy,此case 是與美國盟訊共同開發, 確認此案進度,因主IC部分缺料嚴重,量產時間延至Q3,針對RF部分,目前是使用I Pex,fm,確認其規格是HRS  U.FL series, 向其介紹此部分可替代, cable 是雙頭100mm長線徑1.37, 此部分會請榮昌報價"""
"760",9,"蔡坤庭(Justin)",5630,"瑞仕普SYMLINK-TP","瑞仕普#刷卡機","E","E",10,"2016-02-19","2021-10-13","""time: 15:50
application:電子支付讀卡機
內容: 自從上次因payment term問題後, 就斷然與我司交易,經多次連絡,採購landy態度仍不變,持續給軟釘子碰,直接說都使用local, 不用進口料,今日直接到門口假藉送新的可運用在電子支付機上相關資料,希望能見一面交換一下名片, 結果還是失敗, Landy表示將有會議, 請我把資料放在總機櫃檯即可,會再持續再找機會"""
"761",9,"蔡坤庭(Justin)",6669,"極智光電-TP","極智光電#CAMERALINK","D","D",10,"2021-11-05","2021-11-05","""Time::15:40
items:IX80G-B-10P/ IX30G-B-10S-CV(7.0)
Project no: CAMERALINK
Application: AOI光學檢測儀器
MP schedule:已量產
Forecast: 1K/year
內容:拜訪採購Tina,確認明年訂單, Tina 表示因主要IC缺貨, 貨源不穩, 因此其他零組件都要配合主IC,明年度需求還未知,先前有反應價格問題,希望2022年能重新報價,此次介紹另一RD Denny, 向其介紹FunctionMax FX18/FX23 及 DF50"""
"762",9,"蔡坤庭(Justin)",6669,"極智光電-TP","極智光電#CAMERALINK plus","D","D",10,"2022-03-15","2022-06-09","""Time:15:40
items:HR10A-7P-6S(73)/HR10A-7R-6P(73)
Project no: CAMERALINK plus
Application: AOI光學檢測儀器
PP: 2022.08
MP schedule: 2022.12 Forecast: 500/lot amount: NTD: 14.5萬
內容:拜訪RD Denny 提供HR10A-7P-6S(73)/HR10A-7R-6P(73)樣品3 sets 測試, Denny 表示目前料件長短料狀況非常嚴重, 貨源不穩, 因此本來預計6月將進行測試,可能研製到八月,同樣再次強調HR10A 也因PA66 影響,交期也不好,務必注意,"""
"763",9,"蔡坤庭(Justin)",1843,"新漢NEXCOM-TP","新漢#NCD-84C-IP-TM","D","D",10,"2022-03-02","2022-03-03","""1.time：16:00 
2.Item+price： DF50A-8P-1H(51)/ DF50A-8S-1C/DF50-2830SCFA
3.Application+產業別：USB camera
4.Model:  NCD-84C-IP-TM
5.PP時間：預計2022.4月、PP數量：20pcs。 
6.MP時間：預計2022.6月、MP數量: 2K/M、MP金額：NTD:8.5萬
內容: 拜訪RD 陳'r, 目前針對醫療設備設計USB camera,訊號板需求pitch:1mm,8pin 水平SMTtype, 推薦DF50A 帶鎖扣更牢固,將申請樣品供其測試,競爭者:Aces"""
"764",9,"蔡坤庭(Justin)",1843,"新漢NEXCOM-TP","新漢#媒體播放控制器","D","D",10,"2022-04-22","2022-06-02","""1.Time：15:25 
2.Item+price: IT seriees
3.Application+產業別：網通產品
4.Model: NA
5.PP時間：預計2022.12、PP數量：10 pcs。 
6.MP時間：預計2023 02、MP數量：50/Lot
內容: 拜訪RD 蔣'r, 主要負責高速傳輸產品,除向其介紹FunctionMax 及IT series,目前有一新案子 主要是搭載Nvidia chip,需要699 pin,HRS Itseries 最多也只到300pin,蔣'r告知Molex 203456-0003 可對應 ( 對應Molex為藍海), 雖然此案我司無法對應,但日後有小於300pin需求時,會把HRS納為參考"""
"765",9,"蔡坤庭(Justin)",1843,"新漢NEXCOM-TP","新漢#NPAC2000","D","D",10,"2022-04-08","2022-04-11","""1.time：15:20 
2.Item+price：FX23-120S-0.5SV/ FX23-120P-0.5SV15
3.Application+產業別：網通設備
4.Model: NPAC2000
5.PP時間：預計2022.10月、PP數量：30pcs。 
6.MP時間：預計2022.12月、MP數量: 500/M、MP金額：NTD:6.25萬
內容: 拜訪sourcer 陳's, 介紹FX23系列,High-speed transmission (8+ Gbps),Signal contact 0.5A/pin,power contact 3A/pin (4 pin),且有Floating type, 先前是使用Semtec,是120 pin,將會先提供FX23-120S-0.5SV/ FX23-120P-0.5SV15 規格供其參考,會掌握此機會務必要導入此料.價格上會請陳's提供其目標價,"""
"766",9,"蔡坤庭(Justin)",1843,"新漢NEXCOM-TP","新漢#NDiS M537","D","D",10,"2021-11-17","2021-12-23","""1.Time：15:40。 
2.Item+price：FX18-60S-0.8SH 
3.Application+產業別：:電子看版  
4.End User：ODM。 
5.PP時間：預計2022.3月、PP數量：120pcs、PP金額：NT0.8萬。 
6.MP時間：預計2022.5月、MP數量：500、MP金額：NT3.4萬。 
7.拜訪內容：拜訪RD Alston, 此案是電子看板 CPU board, 使用intel CPU, 需要高速傳輸,60 pin,right angel  已確定使用FX18-60S-0.8SH, 此case新漢只出CPU board 單板,故只會使用S side, 得知第一次PP 是在3月,約120 sets,告知此交期並不好 務必在本月下單,Alston表示會請採購本周內下單"""
"767",9,"蔡坤庭(Justin)",1843,"新漢NEXCOM-TP","新漢#車載電腦","E","E",10,"2015-12-18","2022-05-10","""1.time：15:20 
2.Item+price：FX23L-100P-0.5SV8/FX23L-100S-0.5SV
3.Application+產業別：Vehicle PC
4.Model: N/A
5.PP時間：預計2022.10月、PP數量：30pcs。 
6.MP時間：預計2022.12月、MP數量: 500/M、MP金額：NTD:6萬
內容: 拜訪車載部門 RD 洪'r, 主要設計車載PC, 主要不是用在乘用車上,所以目前所用的零件都不是車規產品,I/O 多使用D Sub, & RJ45 PC常用的料件,此次case需要兩塊板子堆疊,需100 pin 結合高度10mm以下,推薦FX23L-100P-0.5SV8/FX23L-100S-0.5SV H:8mm且有Floating type 又符合車規,因客戶從未使用過,多使用排針加銅柱固定,將申請樣品供其測試"""
"768",9,"蔡坤庭(Justin)",1843,"新漢NEXCOM-TP","新漢#IPC CAV","E","E",10,"2016-01-12","2022-04-26","""1.time：10:20。 
2.Item+price：DX20M-50S(50)/ MCR60A-98D-2.54DS(70)/DF1BZ-2P-2.5DSA
6.MP時間：已量產
內容: 拜訪採購陳's,討論Toray 公司 UL認證有可能會被撤銷issue,目前交易中有影響有三個itemsDX20M-50S(50)/ MCR60A-98D-2.54DS(70)/DF1BZ-2P-2.5DSA,共影響9個case,向其說明目前是無替代料可提供,HRS 正尋其他原物料樹脂供應商,並告知萬一UL之後被判定取消,而 貴司還是希望出貨的話,要請客戶回簽,若不回簽,HRS根據未來的安全評估，可能會依情況暫停出貨."""
"769",9,"蔡坤庭(Justin)",11390,"微太克","微太克#","C","D",10,"2021-05-01","2022-03-14","""Time: 14:00
items: CX90B-16P/CX60-24S-UNIT
Application: earphone
PP:2021.12
MP:2022.03 FC: 3~5K/M  amount:NTD 7萬
內容:拜訪RD Johnson, 主要產品是外掛耳機,for 電競用, 討論先前I/O 將使用 type C 進度, 設計結構為耳機本體將使用CX90B-16P,主要是充電及軟體更新, 另外將使用plug side CX60-24S-UNIT設計成 BT dongou, 將插在電腦與耳機連線, 先前客戶已有提樣品5sets測試,但結果並不理想,將換其他IC solution,但Johnson表示連接器是不變,所以此case MP schedule 將會延至Q3 or Q4"""
"770",9,"蔡坤庭(Justin)",107,"閎泰-TP","閎泰#汽車防盜器","E","E",10,"2015-10-01","2022-03-30","""1.time：10:30
2.Item+price：GT21-1P-DS series
3.Application+產業別：汽車防盜器
內容:首次拜訪 拜訪sourcer Joyce,此公司最主要為汽車防盜器之專業製造廠商,GSM/GPS汽車追蹤定位系統,因此主要會使用到車用天線,因主要市場為歐美,因此都使用Fakra type為主,Joyce表示曾經有Nissan case,有使用過HRS,但此case 已EOL,向其介紹HRS 小型車用天線GT21,此系列大小與Fakra相近,可以參考"""
"771",9,"蔡坤庭(Justin)",11490,"華盈","華盈#","D","D",10,"2022-06-16","2022-06-17","""1.Time：15:40
2.Item+price: DF1E-10EP-2.5C/DF1E-2022PCF
3.Application+產業別：機台設備
4.Model: NA
5.PP時間：預計2022.09、PP數量：10pcs。 
6.MP時間：預計2022 11、MP數量：10K/lot 金額:NTD 9.5萬
內容: 新客戶 初次拜訪, 此客戶各類電源、訊號連接線組的生產，主要用於網路通訊、消費電子、汽車電子市場, 採購陳小姐是先前磐儀的採購過去,此次是有個新案 將使用到HRS DF1E-10EP-2.5C/DF1E-2022PCF 需求為10K套,請我司報價,告知此DF1E series 因受PA66影響,交期至少要32 weeks,且無法puii in,務必提早備料"""
"772",9,"蔡坤庭(Justin)",11478,"華信光電","華信光電#","D","D",10,"2022-04-21","2022-06-01","""1.time：13:40。 
2.Item+price：DF13-2S-1.25C /DF13-2630SCF
3.Application+產業別：雷射二極體module
4.Model:N/A
5.PP時間：預計2022.5月、PP數量：10 pcs。 
6.MP時間：預計2023.11月、MP數量：2K/M、MP金額：NT: 3萬
內容: 拜訪RD 曹'r & 採購Amy, 針對華信光電所需DF13-2S-1.25DS/ DF13-2S-1.25C /DF13-2630SCF,線材部分UL-3302 無鹵 #28 L=80mm+-1 剝線 2mm+-1,提供10 pcs線材樣品供測試,此線才委託大朋製作,曹'r立即測試後沒問題,因客戶臨時追加要1.5K於月底前,告知HRS目前交期是無法可對應,針對此批1.5K曹'r表示請我司是否可尋找替代料,它們會向客戶說明,此部分會再請kevin協助"""
"773",9,"蔡坤庭(Justin)",5612,"智晶光電","智晶光電#OLED Display","E","E",10,"2015-08-13","2022-03-15","""time:15:50
items:BM23FR0.6-12DS-0.35V(51) / BM23FR0.6-12DP-0.35V(51)
Product: OLED Display
Application: SmartGlass
M/P schedule: 2022Q4  Forecast :10K/M  amount: NTD 12萬
內容:拜訪sourcer Cherry,提供BM23FR0.6-12DS-0.35V(51) / BM23FR0.6-12DP-0.35V(51)20 sets 樣品,for 智慧眼鏡 OLED display,Cherry表示,因主IC缺貨嚴重,此case 將會postponed to Q4,客戶主要產品應用市場為穿戴式裝置(智慧手錶與手環),血糖血氧機顯示板,但都以金手指出pin為主,不帶連接器"""
"774",9,"蔡坤庭(Justin)",1306,"晶達光電-TP","晶達光電#32-022A","D","D",10,"2022-01-18","2022-01-19","""1.time：13:45。 
2.Item+price： DM3CS-SF
3.Application+產業別：32""""Monitor for 廣告
4.Model: 32-022 A
5.PP時間：預計2022.5月、PP數量：10pcs。 
6.MP時間：預計2022.7月、MP數量: 500/lot、MP金額：NT:1萬
內容: 此客戶主要研發陽光下可視高亮度工業用顯示器,拜訪sourcer江'r,目前有一案子32""""forJP市場,需要找micro SD,但不希望是push push type,故推薦DM3CS-SF,會先提供2D & 3D資料先行核對機構,另外也介紹FPC TF31系列,告知此系列有優勢,雖此部分客戶都使用Local 為主--- 瀚荃, 將會先行提供50 pin 價格供其參考"""
"775",9,"蔡坤庭(Justin)",11416,"敦泰企業","敦泰企業#車用GPS","B","B",10,"2021-11-11","2022-04-25","""time: 15:40
items: GT5-1S-HU/GT5-1P/S-R/GT5-2428/1.6-2.9SCF(70)
Application: Antenna for GPS
M/P: 2022.04
FC: 100K sets/lot  Amount:USD3.87萬
內容:拜訪台北業務單位陳小姐,此case for JP Mitsumi GPS.過程中幫忙許多,且告知陸續Mitsumi 後續有延伸機種也用到此料,因此此料大概會持續到明年是沒問題,陳小姐表示敦泰目前還是以消費性cable為主,以外國市場為主,車用市場還在努力中,此次我司接獲第一筆訂單,希望交期能多支持,另外也希望陳小姐若有得知任何消息,務必與我聯絡,我司會盡可能來對應"""
"776",9,"蔡坤庭(Justin)",4699,"勝品電通TOPVIEW-TP","勝品電通 # IP Camera","D","D",10,"2015-04-08","2022-01-04","""Time:13:30
items: FH12-18S-0.5SVA(54) 
6.MP時間：已量產、MP數量：5~10K、MP金額：NT12萬。
內容: 拜訪採購Ann, 親送 1月FH12-18S-0.5SVA(54) 所需11K,告知目前 PA66仍缺嚴重,交期仍未改善, 若有需求,務必盡早下單,去年因疫情影響,IC缺貨,故開新案很少,因此有接一些OEM case, 告知除HRS之外,有任何電子部件需求,我司都可協尋"""
"777",9,"蔡坤庭(Justin)",4699,"勝品電通TOPVIEW-TP","勝品# TV-22P","D","D",10,"2022-01-25","2022-03-07","""1.time：13:40。 
2.Item+price：DF56C-30S-0.3V/ DF56-30P-0.3SD / DF56-30P-SHL
3.Application+產業別：speed Dom
4.Model: TV-22P
5. PP: 2022.06  20 sets
6.MP: 2022.08 MP數量: 2K /M、MP金額
內容:拜訪sourcer Ann, 提供先前speed Dom case所推薦DF56C-30S-0.3V 粄端樣品20 pcs , 橋接sensor to main board,討論coxical 線材長度部分先以300mm長度雙頭來測試,此部分將請大朋協助並報價,會持續探詢KEL 的價格以利爭取有利價格"""
"778",9,"蔡坤庭(Justin)",1470,"勝宏-TP","勝宏#","D","D",10,"2022-05-25","2022-05-26","""1.Item：13:35 
2.Item+price: DF13-10P-1.25V(75)/ DF13-10P-1.25DSA
3.Application+產業別：烘穀機控制板
4.Model: NA
5.PP時間：預計2022.Q3、PP數量：100pcs。 
6.MP時間：預計2022 Q3、MP數量：1K/lot amount: 2.3萬
內容: 拜訪採購邱's,此客戶為三久SMT協力廠,DF13-10P-1.25V(75)/ DF13-10P-1.25DSA 適用在烘穀機控制板,此次下1K sets forQ4,告知DF13-10P-1.25DSA將於6月EOL,新料為DF13-10P-1.25DSA(05) 塑料改變供應商layout不變,此部分也已經告知三久,若需要重新驗證,會申請新品供測試"""
"779",9,"蔡坤庭(Justin)",10930,"創智-TP","創智#L21B","D","D",10,"2021-12-01","2022-02-22","""1.Time：10:30。 
2.Item+price：GT25H2-24DP-2.2V / FH52-50S-0.5SH/ GT8E-4P/5P/6P-DS(55)
3.Application+產業別： W-HUD
4.End User：裕隆日產。 
5.PP時間：預計2022.10月、PP數量：20pcs、PP金額：NT 0.16萬。 
6.MP時間：預計2023.1月、MP數量：1K/M、MP金額：NT 8萬。 
8.拜訪內容：與HRS Jennifer 共同拜訪RD Wade,目前這在規劃2023 Nissan sentra & altima, I/O 24 pin GT25H2-24DP-2.2V, 1.8"""" Kyocera panel -- FH52-50S-0.5SH, W to B: 4 Pin -- 光感測, 5 pin --- LED black light , 6 pin --- 馬達, 推薦GT8E-4P/5P/6P-DS(55), competitor:TE/JST.會後將先提供2D & 3D資料並申請20 sets 供其測試"
"780",9,"蔡坤庭(Justin)",11457,"創博","創博#","D","D",10,"2022-03-17","2022-03-18","""1.time：15:15。 
2.Item+price： IX61G-A-10P/ IX30G-A-10S-CV(7.0)
3.Application+產業別：control box for Robot
內容: 拜訪RD 偉漢,目前在找尋20 pin 以上,因訊號會走 Lan CAT 6 ( 至少需要250MHz),介紹IX系列,傳輸速度高速傳輸Cat.5e (1Gbps) and Cat.6A(10Gbps).且可抗雜訊,帶lock,雖只有10 pin 但小型化,可使用2組並排並有A/B 兩種key來區別,且cable部分採IDC 方式,便於在現場組裝, 偉漢表示會把此系列列為參考,已先留一組demo board 供其參考"""
"781",9,"蔡坤庭(Justin)",983,"創研-TP","創研#TC2202","D","D",10,"2015-05-21","2022-02-10","""1.time：13:50 
2.Item+price：FX20-20S-0.5SV/ FX20-20P-0.5SV15
3.Application+產業別：行車紀錄器
4.Model:  TC2202
5.PP時間：預計2022.10月、PP數量：15pcs。 
6.MP時間：預計2022.12月、MP數量: 3K~5K /M、MP金額：NTD 27萬
內容: 拜訪sourcer Bella,目前針對行車紀錄器在找尋B to B 20 pin連接器,主要是運用在巴士上,推薦FX20 series, 告知此系列是符合車規,相關車用所需檢驗報告都有具備,因機構高度還未確定,將先提供最低的結合高度15mm樣品提供測試,I/O 部分使用24 pin (025)--- TE,
"""
"782",9,"蔡坤庭(Justin)",6807,"陵裕-tp","陵裕#DF1B","E","E",10,"2015-06-25","2022-05-17","""time: 10:50
items: DF1BZ-3P/4DP/8DP-2.5DSA
Application: 真空幫浦
endusr: 漢鐘
6.MP時間：2022.05、MP數量：3K、MP金額：NT6.5萬
內容: 拜訪林老闆,此案是漢鐘2022新case,第一次3K sets for PP,但此部分也受到PA66影響,目前交期仍在確認中林老闆表示希望在月底至少能有500 sets.因這是和中今年主力機種,會再與HRS協調幫忙."""
"783",9,"蔡坤庭(Justin)",3339,"統量電能-TP","統量電能 # 電池模組","E","E",10,"2015-05-07","2022-05-06","""1.time：10:30
2.Item+price：Semitec 103JT
3.Application+產業別：電動自行車用之鋰電池packing
內容:拜訪RD Max/游'r, 游'r主要負責此部分,游'r表示在它們產品中整組電池中會有2組NTC,但會依電芯不同而有不同形式NTC,筒形電芯因有較大空間,多使用圓形端子鎖住,軟包電芯則使用Film型式,如同 Semitec  JT series, 此系列操作溫度為-50~125度,也符合客戶所需,游'r表示新的機種規劃時,會把Semitec 列為考慮"""
"784",9,"蔡坤庭(Justin)",10886,"盛達電業","盛達電業#","E","E",10,"2018-12-04","2022-03-30","""time: 15:25
items: EM30MSD-A
project name:N/A
Application: energy storage
Enduser : Powin (USA)
PP:2021.12
MP:2022.Q3
FC:3K/Y  Amount:NTD:48萬/M
內容: 拜訪sourcer Porter, 確認powin case 最新進度, 得知盛達沒拿到此case, 最終由powin墨西哥廠自行承做,另外;提供先前介紹okaya SPD LV series 規格書,用AC100V以下的電源使用SPD, 可承受500次突波,且安裝簡單,來保護自身的產品.Porter 表示會納為參考"""
"785",9,"蔡坤庭(Justin)",11411,"捷能動力科技","捷能動力#","E","E",10,"2021-11-08","2021-11-09","""time:14:00
application:動車之動力系統解決方案
items: ZE064W
內容:此客戶是先前華擎RD介紹, 此客戶總經理是華創呂百修出去成立,設立在台大創新育成中心, 目前約20人,本要拜會呂總,因臨時會議外出,但有交代另一RD劉'r,捷能動力主要產品為電動車動力系統電機(馬達)、電控(MCU)、傳動(齒輪箱)三合一動力總成, 目前連接器部分多使用TE& 安費諾 (高壓) 向其介紹HRS 車用專用料ZE064W 防水TYPE,防水可達IP69K,雖非屬高壓,但可當訊號傳輸,劉'r表示會把資料轉交給呂總, 預計下星期再約訪呂總"""
"786",9,"蔡坤庭(Justin)",11432,"強銘","強銘#","D","D",10,"2022-01-11","2022-01-12","""1.Item：10:45。 
2.Item+price：FX23-20P-0.5SV15/FX23-20S-0.5SV
3.Application+產業別： 燒錄器
4.Model: N/A
5.PP時間：預計2022.6月、PP數量：10pcs。 
6.MP時間：預計2022.9月、MP數量：1K/lot、MP金額：NT:12.5萬
內容: 拜訪RD Eric, 目前在規劃新的燒錄機, 尋找B to B 20pin, 因先前舊機種是使用DF9 series, 此次介紹FX23 series,floating type,且 High-speed transmission (8+ Gbps),除訊號pin外,另外有4 pin for power,Signal contact 0.5A/pin,power contact 3A/4pin, 可節省單獨power conn,將申請FX23-20P-0.5SV15/FX23-20S-0.5SV 各10 pcs,供其測試"""
"787",9,"蔡坤庭(Justin)",11435,"專家科技","專家科技#STEVAL-VOICE-UI","D","D",10,"2022-01-17","2022-02-08","""1.time：15:40。 
2.Item+price：DF17(4.0)-40DS-0.5V(57)/DF17(2.0)-40DP-0.5V(57)
3.Application+產業別： Zigbee module
4.Model: STEVAL-VOICE-UI
5.PP時間：預計2022.4月、PP數量：210pcs。 
6.MP時間：預計2022.6月、MP數量：1K/lot、MP金額：NT:6萬
內容: 拜訪Sourcer Maggie,針對第一次試產所需DF17(4.0)-40DS-0.5V(57)/DF17(2.0)-40DP-0.5V(57) 200 sets, 經與HRS協調,同意此次樣品單,是Zigbee module for物聯網IOT ,告知此系列交期需20~24weeks,若6月要量產,務必趕緊下單"""
"788",9,"蔡坤庭(Justin)",11435,"專家科技","專家#STEVAL-STWINBX1","D","D",10,"2022-03-04","2022-05-26","""1.time：15:25。 
2.Item+price：105133-0001/ 53253-0470 / 732514432  Molex
3.Application+產業別：wifi module
4.Model:N/A
5.PP時間：預計2022. 9月、PP數量：50pcs。 
6.MP時間：預計2023 11月、MP數量: 5K/lot
內容: 拜訪Sourcer Maggie,針對此case 新增 732514432 Molex 此料,經確認為SMA RF 連接器, 目前急需50 pcs 此部分將向藍海詢問是否可提供,另外先前兩料件,105133-0001(micro USB 垂直type) / 53253-0470 ( W to B pitch:2mm 4pin DIP 垂直type. 若需要少量樣品PP,是否可以下單購買而不用以MOQ數量,此部分會再向藍海協調"""
"789",9,"蔡坤庭(Justin)",10426,"基太克-TP","基太克#X6000-V01","D","D",10,"2021-12-09","2021-12-10","""time:13:50
items:TF38-45S-0.5SV(830)/ HR30-6P-6S(31)/HR30-6R-6P(71)
Application: 手提式振動噪音頻譜分析儀
Project:X6000-V01
PP:2022.04
MP:2022.06
FC: 300 sets/lot
內容: 拜訪Ben課長,主要設計振動噪音量測與監控設備, 此case是手提式,連接panel 需要45pin 垂直,介紹TF38-45S-0.5SV(830),I/O 需要防水,介紹HR30輕量化,目前是使用local 6 pin,會後提供HR30-6P-6S(31)/HR30-6R-6P(71) spec &２D及測試報報供其參考"""
"790",9,"蔡坤庭(Justin)",5601,"健昇JS AUTOMATION-TP","健昇#PWM018","D","D",10,"2022-03-18","2022-05-06","""1.time：13:25。 
2.Item+price： DF11-6DP-2DS(24) / TF31-20S-0.5SH(800)
3.Application+產業別：control board for lighting
4.Model:PWM018
5.PP時間：預計2022. 4月、PP數量：10pcs。 
6.MP時間：預計2022  08月、MP數量: 1K/M、MP金額：NT:1.16萬
內容: 拜訪RD Peter, 確認測試狀況,Peter表示,第一階段電氣測試無問題,目前正進行韌體測試,再需要DF11-6DS-2C /DF11-2428SCF 線材,此次先提供手邊剩有2 cs.Peter表示此次已足夠,若不夠會再提出申請,"""
"791",9,"蔡坤庭(Justin)",10435,"健和興端子-TP","健和興(機構系統事業處)","D","D",10,"2021-11-10","2021-11-11","""time: 13:40
items: DF1E-2S-2.5C/ DF1E-2022SCF
application:光源系統配件
內容: 機構系統事業處 是KST第二廠區 , 位於彰化縣和美鎮, 拜訪sourcer Iris,先前有下單 DF1E-2S-2.5C/ DF1E-2022SCF 20K sets, 客戶是日本, 產品是一條光源線,向其說明因受到PA66影響, 交期一直無法確認, 討論這20K交期安排 , 希望12月能先交至少10K , 1月 10K,此部分會再與HRS協調"""
"792",9,"蔡坤庭(Justin)",1186,"健和興端子-TP","健和興#","B","B",10,"2021-10-14","2022-04-13","""time:13:40
item: Rohm RR264MP-400TR 
Forecast:2.4KK/M
Amount:NTD:120萬
內容:拜訪採購tina,確認後續forecast,因目前未交數量為 2442K,Rohm回覆本月可交2100K, 因此務必要盡快把後續訂單下出,交期仍是不理想,Tina 表示會在與SMC確認後續需求量,本月健和興會先自行再下2100K"""
"793",9,"蔡坤庭(Justin)",806,"偉創力-TP","偉創力#DT7.68","D","D",10,"2022-03-25","2022-03-28","""1.time：14:00 
2.Item+price：ZE064W-24DP-HU/R/ZE064-2022PCF/ ZE064W-24DS-HU/R/ZE064-2022SCF
3.Application+產業別：on board charge
4.Model:  DT7.68
5.PP時間：預計2022.12月 
6.MP時間：預計2024.04月
內容: 新客戶首次拜訪,拜訪RD Lauren,此客戶為全球電子代工大廠,現在也跨足汽車電子,目前正規畫一個新案子,客戶為 Stellantis 集團,設計on board charge for EV, 利用電動車電力來對外支援設備,I/O 訊號防水,推薦ZE064W-24DP-HU/R/ZE064-2022PCF/ ZE064W-24DS-HU/R/ZE064-2022SCF, Lauren表示會把此系列列為提案考慮之一,若確定後,會再申請樣品.另外也介紹semirec NTC, 會交給相關人員參考
"""
"794",9,"蔡坤庭(Justin)",4223,"倢鋒BISON-TP","倢鋒#IPC cable","E","E",15,"2013-12-24","2021-12-07","""time: 13:50
items:GT8E-16DS-HU/GT8E-2022SCF/ZE064W-14DP-HU/R(A)/ZE064-2022PCF 
End user : AM marketing in Japan
Application: Electric control systems
FC: 1K /lot Amount:8萬
MP : 2022.Q1
內容:拜訪採購鍾淑美,此客戶主要是線材廠,工廠位於桃園八德,除消費產品線材外,跨足車載產業用配線IATF16949:、醫療設備兩個領域ISO13485,此case是車載線束,因客戶為日本請它們提供客戶名以利查詢是否有contract price,且此客戶可以納為我司醫療線材的合作廠商之一"""
"795",9,"蔡坤庭(Justin)",11397,"起而行","起而行#","D","D",10,"2021-10-07","2021-10-08","""time: 15:20
items:ZE05/ HVH-280/ FH52K
Application:電動車充電樁
內容: 拜訪PM陳經理,是華創所介紹,陳經理表示 起而行是由台灣工研院正式輔導創業的, 目前luxgen電動車充電樁事由他們所負責, 整個電動車充電樁最貴零組件是充電槍+cable, 交流電產品:最大輸出功率（Max Power）: 7kW / 11kW / 17kW, 介面相容 : CNS、IEC(歐洲)、SAE( 美國)、GB/T(大陸),直流快速充電機:最大輸出功率（Max Power）: 60kW / 90kW / 120kW / 180kW,輸出電壓範圍：200~750V,介面相容: CNS / CCS1 / CCS2 / CHAdeMO / GB,向其介紹HRS 大電流車用產品-- ZE05/HVH-280 自內部POWER控制板可使用, 及面板指示FPC FH52K,操作溫度都可達125度,及OKAYA SPD.陳經理表示會提供給RD參考
"""
"796",9,"蔡坤庭(Justin)",11395,"航銓","航銓#LF13WBR-20SD","C","D",10,"2021-10-01","2021-10-05","""time:15:50
items: LF13WBR-20SD
Application: BMS
內容: 拜訪Anson, 針對防水接頭討論,在內部討論後 確定LF13WBR-20SD crimping 因空間關係,無法使用,與機構討論時.只能板上right angle, 且要防水,HRS是無可對應,將會協尋其他品牌是否有合適"""
"797",9,"蔡坤庭(Justin)",11395,"航銓","航銓#T box","D","D",10,"2022-05-12","2022-05-13","""1.Item：13:40。 
2.Item+price：KP10BJ-8S-SF(800)/ KP13C-6S-SF(800)
3.Application+產業別： T box
4.Model: N/A
5.PP時間：預計2022.10月、PP數量：30pcs。 
6.MP時間：預計2022.12月、MP數量：1K/lot、MP金額：NT:3.6萬
內容: 拜訪RD Anson, 提供新案KP10BJ-8S-SF(800)/ KP13C-6S-SF(800) 10 pcs sample for T-box 電動機車,歐洲物流市場,因還未確定是要用micro SIM or Nano SIM卡,因此各別都提供樣品供其核對機構看何者適合,此次Anson 要求相關的振動測試報告,會再向HRS申請"""
"798",9,"蔡坤庭(Justin)",11395,"航銓","航銓#HR34B","D","D",10,"2022-01-12","2022-04-27","""1.Item：10:40。 
2.Item+price：KP10BJ-8S-SF(800)/ KP13C-6S-SF(800)
3.Application+產業別： T box
4.Model: N/A
5.PP時間：預計2022.10月、PP數量：30pcs。 
6.MP時間：預計2022.12月、MP數量：1K/lot、MP金額：NT:3.6萬
內容: 拜訪RD Anson, 討論新案T-box for 電動機車,歐洲物流市場,此T-box 主要是收集機車外在環境資料,利用5G 來傳輸資料, 還未確定是要用micro SIM or Nano SIM卡, 介紹HRS KP10BJ-8S-SF(800)/ KP13C-6S-SF(800) push pull type, 將先行提供2D 3D圖檔,待與最終客戶確認後,再申請樣品測試"""
"799",9,"蔡坤庭(Justin)",11128,"神亞","神亞#TBA","E","E",10,"2019-09-20","2022-05-19","""1.Time：15:30。 
2.Item+price： IT12M1-82S-0.8SV
3.Application+產業別：fingerprint
內容: 由於印芯與神亞同屬神盾集團, 產品也是一致, 光學式指紋辨識感測晶片之IC設計,主要分別是印芯主要以大陸為市場,神亞以歐美為主.拜訪RD Nathan.向其介紹 IT12M1-82S-0.8SV Card Edge Connector type.方便於在測試板上,且若採MIPI, IT12 也可對應 (25G), Nathan表示會納為未來設計參考"""
"800",9,"蔡坤庭(Justin)",3763,"益網ETHERWAN-TP","益網#","D","D",10,"2013-01-08","2022-04-14","""1.time：10:40。 
2.Item+price：DM1AA-SF-PEJ(82)
3.Application+產業別：工業級乙太網路通訊設備
4.Model: NA
5. PP: 2022.10
6.MP:2022.12 FC:1K/M  Amount:4.2萬
內容:拜訪sourcer Fenny,目前一產品需要SD 卡座, 此卡local 幾乎都停產了, 此次拿demo board 供其參考,最終選擇DM1AA-SF-PEJ(82) push push type,將申請樣品供其測試,並告知因金屬原物料吃緊,交期部分不理想,需要留意"""
"801",9,"蔡坤庭(Justin)",11417,"恩比克","恩比克#","D","D",10,"2021-11-18","2021-12-29","""time: 15:00
item:FX18-140S-0.8SV20/FX18-140P-0.8SV
Application:工廠自動化控制器
PP:2022.03
MP時間：預計2022. 04月、MP數量：200/lot、MP金額：NT 4萬。
內容: 拜訪sourcer Bell, 提供FX18-140S-0.8SV20/FX18-140P-0.8SV 樣品供測試, 運用在人工智慧(AI)嵌入式工業電腦,競爭者Samtec,價格上希望提供目標價,會向HRS申請,並告知EFCO已有使用此系列,可安心使用"""
"802",9,"蔡坤庭(Justin)",6083,"飛天科技","飛天#BC010","D","D",10,"2021-11-17","2022-06-08","""1.time：11:00。 
2.Item+price：FH52-12S-1SH/DC1-138R-3N160BGSY (DC jack)
3.Application+產業別： Battery Charge
4.Model: BC010 
6.MP時間：已量產、MP數量：3K/lot、MP金額：NT:5.2萬
內容: 拜訪採購潘's,因客戶佐茂需求增加且往前,從12月提前至7月追加3K sets,雖先前訂單客戶於去年就下給我司,但依先前客戶所要求交期,我司HRS FH52於三月才下出,DC Jack 於上個月才下出,此部分向客戶說明,因提前五個月, 實屬困難,但會盡量在與HRS 協調"""
"803",9,"蔡坤庭(Justin)",6083,"飛天科技","飛天#Anifi","D","D",10,"2022-03-22","2022-04-18","""1.time：15:20。 
2.Item+price：DF52-6S-0.8H(21)/ DF52-6P-0.8C/DF52-2832PCF
3.Application+產業別： battery BMU
4.Model: Anifi
5.PP時間：預計2022.8月、PP數量：30pcs。 
6.MP時間：預計2022.11月、MP數量：30 K/lot、MP金額：NT:15萬
內容: 拜訪吳特助,此案是無人機的電池組上,Enduser : Parrot (法國) 提供DF52-6S-0.8H(21)/ DF52-6P-0.8C/DF52-2832PCF 10 pcs, 告知此線材並不好打,若有需求我司可提供服務,另外介紹Semitec NTC,吳特助表示,並不是所有case都有用到,常用到是SMD type, 是用國產為主"""
"804",9,"蔡坤庭(Justin)",1942,"韋福-TP","韋福 # harness","D","D",10,"2014-12-12","2021-12-22","""1.Item：10:40。 
2.Item+price：DF11-12DS-2C NTD:1.8/pcs / DF11-2428SCFA(04) NTD0.71/PCS
3.Application+產業別：harness 
4.End User：JP。 
5.PP時間：預計2022.2月、PP數量：30pcs。 
6.MP時間：預計2022.5月、MP數量：3K、MP金額：NT5.5萬
內容: 拜訪新採購 Ivy,此客戶主要是harness maker,除消費市場外,也有IATF16949車用認證,此case是JP客戶,使用DF11-12DS-2C  / DF11-2428SCFA(04),告知此系列受到PA66影響,交期要32weeks,務必要注意,洽談時有表示除HRS外,進口料還有用JST & Molex,立即告知我司也可服務,但ivy表示,由於交期因素,往往交不出貨時,客戶端就會出面跟原廠協調調貨,因此目前都跟正式代理商購買,以免出問題"""
"805",9,"蔡坤庭(Justin)",10378,"迪吉亞","迪吉亞#","C","C",10,"2018-03-05","2022-01-12","""time: 14:10
items: EM30MSD-A / SPD
Application: Energy storage system
內容: 拜訪RD 徐漢民, 主要研發energy storage system,介紹 EM30MSD-A service plug 安全裝置,支援200A,且IP2X finger protection.可運用在儲能櫃上,且國際大廠powin有使用,再介紹okaya SPD LV series,用AC100V以下的電源使用SPD,且為接線型態，故可簡單的安裝到產品上, 可承受500次突波,來保護自身的產品,徐'r表示會納入參考"""
"806",9,"蔡坤庭(Justin)",11480,"虹陞","虹陞#SUR-22","D","D",10,"2022-05-05","2022-06-09","""1.time：13:45。 
2.Item+price：FH52K-12S-0.5SH
3.Application+產業別：LED for 車內氣氛燈
4.Model:SUR-22
5.PP時間：預計2022. 11月、PP數量：100pcs。 
6.MP時間：預計2024 02月、MP數量: 10K/lot amount: 21萬
內容:拜訪RD Tony,此case 是 for 汽車內部氣氛燈, 最終客戶為吉利汽車,與Tony討論因原本想設計pitch 1mm,6 pin, HRS 只有 FH52K-12(6)SA-1SH 可對應,但此料很偏門,建議 FH52K-12S-0.5SH FPC跳PIN設計, 且此交期及價格都有優勢,Tony同意採用此建議,將在申請FH52K-12S-0.5SH 樣品供其測試"""
"807",9,"蔡坤庭(Justin)",11408,"茂臻","茂臻#","D","D",10,"2021-11-03","2021-12-24","""1.Time：13:40。 
2.Item+price：DF13EA-10DP-1.25V(52)
3.Application+產業別：:醫療儀器
4.End User：大瓏
5.PP時間：預計2022.3月、PP數量：100pcs、PP金額：NT0.15萬。 
6.MP時間：預計2022.5月、MP數量：1K、MP金額：NT1.5萬。
內容:此客戶主要是SMT廠,主要服務少量多樣的客戶打件,或幫忙PCB Layout,此case是替大瓏打件,拜訪採購王桂蓁,告知DF13E-10DP-1.25V(76)已EOL,替代料為DF13EA-10DP-1.25V(52),但layout 都不變,且告知目前因受到PA66影響,交期約32weeks,市場大缺,務必提早備料"""
"808",9,"蔡坤庭(Justin)",2250,"科誠-TP","科誠#手持式條碼機","E","E",10,"2014-01-09","2021-12-13","""time: 14:00
Application: 條碼標籤機
內容: 新客戶, 初次拜訪sourcer & Buyer Ivy,此客戶主要條碼標籤機設計、製造之專業廠商,除自有品牌GoDEX外也接國外代工,介紹HRS FPC 此FH34SRJ & FH35C 上下接點系列for 內部連接,對外I/O,常使用RJ45/D-sub (9 pin)/USB A/power jack,Ivy表示目前全使用Local,完全不會考慮進口料件,告知對方我司也可提供非HRS料件,若有需求,我司也可服務,此客戶將以非HRS推展為主."""
"809",9,"蔡坤庭(Justin)",10717,"科雅-TP","科雅#Millennio","D","C",10,"2018-06-08","2022-05-27","""time:10:25
items:DF1B-4P-2.5DSA/ DF1B-6P-2.5DSA
Application:指紋辨識模 for 電子鎖 
5.PP時間：預計2022.10月、PP數量：30pcs。 
6.MP時間：預計2022.12月、MP數量：10K/M 金額:12萬
內容: 拜訪sourcer Stacy,提供DF1B-4P-2.5DSA/ DF1B-6P-2.5DSA 樣品各10 pcs,原本需求30 pcs 但此料樣品來不及提供,先從我司樣品庫找到舊料先行提供,有事先告知客戶, Stacy 表示此次是RD內部測試使用,是沒關係的,但後續10月所需的30 pcs樣品煩請我司盡量pull in.
"""
"810",9,"蔡坤庭(Justin)",4849,"科范電子-TP","科范#VC6X1C48","D","D",10,"2021-12-15","2021-12-16","""time:13:50
items: KP21A-1P(800) / KP21A-1S(800)
Model: VC6X1C48
Application:UVA lighting for 固化器
Enduser: Confan(own brand)
PP：2022.02
MP：2022,03
The forecast：5K/ M Amount: NTD2.15萬
內容:拜訪Albert, 確認此case目前進度,針對上次客戶對外觀上的缺失,進行改版,已把修後的樣品給美國客戶審查,正等待客戶回覆,因快逢耶誕,alber表示要到新年後,此案才會有明確答案"""
"811",9,"蔡坤庭(Justin)",4849,"科范電子-TP","科范#S30ZN012","D","D",10,"2022-01-12","2022-04-20","""time:10:40
items: DF64-2P-4.5C/DF64-1822PCF / DF64-2S-4.5H
Model: S30ZN012
Application:LED lighting 
Enduser: Confan(own brand)
PP：2022.03
MP：2022.05
The forecast：5K/ M Amount: NTD2.15萬
5.PP時間：預計2022.3月、PP數量：50pcs。 
6.MP時間：預計2022.5月、MP數量：2K/lot、MP金額：NT:8.5萬
內容:拜訪Alber 提供DF64-2P-4.5C/DF64-1822PCF / DF64-2S-4.5H樣品50 sets供其測試,先前是使用JST,但因JST交期太久,此次才試用HRS來取代,價格部分會爭對所提目標價來向HRS爭取
Semitec: 向其介紹CRD 定電流產品,Alber表示,會針對產品規格還使用.並不是所有產品都使用,先前曾有使用過,是台廠,以後會把semitec納為參考"""
"812",9,"蔡坤庭(Justin)",11179,"盈泰安","盈泰安#MDV3","D","D",10,"2022-01-17","2022-03-22","""1.time：10:45。 
2.Item+price：DF40C-70DS-0.4(51)/ DF40C-70DP-0.4(51)
3.Application+產業別： FA camera
4.Model:  MDV3
5.PP時間：預計2022.3月、PP數量：100pcs。 
6.MP時間：預計2022.7月、MP數量：1K/lot、MP金額：NT:3.9萬
內容: 拜訪RD Nick,提供60 pcs 樣品供此次sample run,此case是利用人臉辨識技術,將設計一款for判別鑽石的camera,將會使用DF40C-70DS-0.4(51)/ DF40C-70DP-0.4(51)各3 sets,分別for sensor board/ I/O board/ switch board.告知此系列交期非常不好,務必盡早下單"""
"813",9,"蔡坤庭(Justin)",11179,"盈泰安","盈泰安#ETC-T5","A","D",10,"2021-09-01","2022-05-23","""Time:14:00
items:DF40C-70DP-0.4V(51) DF40H(3.0)-70DS-0.4V(51)/FH35C-15S-0.3SHW(99)
Model name: ETC-T5
Application: Facial recognition(人臉辨識)++體溫偵測
End Customer: The Asia;
MP Schedule: 2022.Q3
FC: 1K/lot Amount :10.5萬
內容: 拜訪sourcer Nick, FH26W & FH35C 最終確定是使用FH35C series 上下接點, 再提供FH35C-15S-0.3SHW(50) 20 pcs樣品供working sample 測試,此部分是因疫情關係,增加體溫偵測功能,初期將會先以FH35C-15S-0.3SHW(99) 500 pcs/R 提供價格, 以先導入FPC 為主,先前打不進去主因就是MPQ 數量太大
"""
"814",9,"蔡坤庭(Justin)",11479,"為昇科科技","為昇#","D","D",10,"2022-04-21","2022-04-22","""1.time：10:40 
2.Item+price： ZE064W
3.Application+產業別：車用雷達
4.Model:  N/A
內容: 新客戶 初次拜訪 ,拜訪RD王永達協理, 此客戶主要研發毫米波雷達,運用在車用盲點偵測與前視防撞雷達的產品上,產品被整個用鋁矩盒包住,只留一個I/O 12 pin 需IP67. 介紹唯一車用防水ZE064W series, pin 數是8/14/24, 協理表示會把此資料納為日後參考
"""
"815",9,"蔡坤庭(Justin)",3413,"洋銘-TP","洋銘#HBT-15","D","D",10,"2015-10-27","2022-02-24","""time: 16:15
items: DF40HC(3.0)-100DS-0.4V(51) / DF40C-100DP-0.4V(51)
Application：HDMI module 
Project name：HBT-15
PP：2021.12
MP時間：預計2022.04、MP數量：3K/lot、MP金額：NT9.6萬。
內容: 拜訪採購Joyce, 因先前與其副總討論得知測試已過,催此案訂單, 原本此次訂單是1K,告知採購此料交期數配貨,交期非常不好,且目前HRS台北倉也無可對應,要求下MPQ 3K/R,採購表示會依此數量下訂單"""
"816",9,"蔡坤庭(Justin)",10929,"洋華","洋華#T688A","D","D",10,"2021-11-23","2022-02-14","""time:15:15
items: JST SHLP-12V-S-B/SXH-002T-P0.6
Application: power board 線材
MP時間：預計2022.10月、MP數量: 1K /lot、MP金額:NTD 5萬
內容: 先前有一條JST 線材需求for power, 料號為SHLP-12V-S-B pitch:1mm / 端子SXH-002T-P0.6 AWG 26~30, 樣品需10 pcs, L:150mm, 雙頭, 此部分大朋承作完畢,提供給客戶,與RD Mico 討論此線材部分,因JST 目前交期非常不好,端子交期已都超過一年以上,大朋有建議,是否可用copy版來取代,此部分會在內部討論後再決定.
"""
"817",9,"蔡坤庭(Justin)",11389,"柏紘","柏紘# JS22","C","D",10,"2021-09-17","2022-04-29","""1.time：15:40 
2.Item+price： S21-N023 (Semitec)
3.Application+產業別：power for 噴霧設備
4.Model:  N/A
5.PP時間：預計2022.8月、PP數量：5pcs。 
6.MP時間：預計2022.10月、MP數量: 300 /lot、MP金額：3.6萬
內容: 拜訪RD Johnny, 提供剛抵台的 S21-N023 樣品2pcs, 並提供尺吋圖及RT表, 且討論與競爭者興勤的差異,( 勤價格NTD:50以下),並提出是否可提供一條興勤的樣品,Semitec 將會分析差異點,Johnny 同意並提供一條樣品,下星期將提供給semitec 將進行分析
"""
"818",9,"蔡坤庭(Justin)",11389,"柏紘","柏紘#Semitec","D","D",10,"2022-06-10","2022-06-13","""1.time：13:40 
2.Item+price： S21-N023 (Semitec)
3.Application+產業別：power for 噴霧設備
4.Model:  N/A
5.PP時間：預計2022.8月、PP數量：5pcs。 
6.MP時間：預計2022.10月、MP數量: 300 /lot、MP金額：3.6萬
內容: 拜訪RDJohnny, 針對 噴霧設備 sensor 確認狀況,304鋼材樣品已提供,316鋼材因原料受到大陸封城影響,會再延後,Johnny表示此客戶針對容器內液體成分還仍未告知,因此還是要測試304 & 316鋼材的差異,因此希望我司能盡快提供316的樣品,此部分會再與Semites協調 
"""
"819",9,"蔡坤庭(Justin)",6761,"星喬-TP","星喬#POS","E","E",10,"2015-05-14","2021-12-14","""time:15:40
items: TF31/DF51
Application: POS
內容:新客戶,初次拜訪sourcer Andy,此客戶主要是設計研發一體式  POS, 運用在流通業、餐飲業、便利商店,醫療業,因產品都是一體式,因此機構空間較不受限,連接器部分FPC/ W to B, 較少使用B to B .以local為主, 瀚荃,宏致.介紹 HRS TF31 & DF51 series.下次將設法約RD 在嘗試切入"""
"820",9,"蔡坤庭(Justin)",629,"映興-TP","映興#車用Connector","E","E",10,"2015-07-16","2021-12-09","""time:15:20
application: 線材加工 for 電機機械、機器人產業 & 車用
內容: 拜訪採購Iris副理,此客戶也屬失聯客戶, 主要線材加工,市場:電機機械/機器人產業 /車用(電動助力車,電動機車) ,使用Local為主,進口料件也以JST為居多,但也都改為替代品,HRS 部分很少, 除此之外,客戶本身也有客製化防水連接器for 電動助力車電源I/O,Iris表示入我司客戶有需求,可以合作."""
"821",9,"蔡坤庭(Justin)",4742,"威聯通-TP","威聯通#","E","E",10,"2014-06-25","2021-12-02","""time:10:30
Items: IT9/IX
Application: 網路儲存設備(NAS)
內容: 協同HRS Jennifer 一同拜訪RD James副理,威聯通主要產品為NAS,新竹單位主要研發高階產品以PCIe G4(16G)/G5(32G)為主,介紹IT3/IT5/IT8 但這都是使用BGA製程,價格較高,目前使用FCI 都是SMT type, 所以另推IT9, 8+Gbps 0.5mm pitch,SMT type,84pos, 224pos.會後將把IT9 詳細pin define資料提供參考,再介紹下世代RJ45--- IX series,小型化外,更可高速傳輸.抗雜訊 帶lock,且有A/B 兩種key,在通訊網路接口上更省空間,James 表示此部分雖現階段還是不會改,但會打此資料收入在資料庫上"""
"822",9,"蔡坤庭(Justin)",4083,"咸瑞-TP","咸瑞#","C","C",10,"2018-12-13","2022-03-25","""time: 13:40
items: Semitec CRD
Project Name:  NA
Application: LED module
內容:拜訪RD Jeff,此客戶主要設計生產LED 模組,應用在汽機車市場,目前客戶有山葉/光陽汽車,中華汽車室內照明.介紹Semitec CRD系列定電流二極體,Jeff表示並不是所有都使用,須看設計,曾有使用過,採用是local, 會後Jeff會找一下再提供規格給我司參考
"""
"823",9,"蔡坤庭(Justin)",11418,"阜鼎","阜鼎#FSS","D","D",10,"2021-11-01","2022-03-31","""time: 16:15
items: GT8E-3S-HU GT8B-2428SCF
Project name: FSS;
Application: Vehicle self-security system
End Customer: Ford China;
已量產:  80K/lot amount: NTD: 44.2萬
內容: 拜訪Daniel, 因先前12月所下100K sets, housing 都已交貨,但端子因金屬短缺,嚴重不足,30R端子只交12R,再與Daniel協調端子交期,每周需求至少3R,此部分會再與HRS協調,除此訂單未交完外,另外還有100K 套在途未交, 雖如此,告知此系列今內交期應該很緊張,Daniel 下星期會在下100K sets 提早因應交期問題"""
"824",9,"蔡坤庭(Justin)",11418,"阜鼎","阜鼎#AG-MDADVR1","D","D",10,"2022-05-25","2022-05-26","""1.Item：15:45 
2.Item+price:  DF52-2P/16P-0.8C/DF52-2832PCF 
3.Application+產業別： phototherapy with skin
4.Model: AG-MDADVR1
5.PP時間：預計2022.Q3、PP數量：100pcs。 
6.MP時間：預計2023 Q1、MP數量：2K/M
內容: 拜訪林老闆 , 針對安捷新案子所需 DF52-2S for battery /16S-0.8H(21) for switch 2pcs/set,線材規格2P housing+28AWG wire 30mm 剝皮鍍錫3mm,16P 2 housing+28AWG wire 80mm,提供樣品各20 sets, 經林老闆確認,雖長度很短,還是可以承做,預計這20 sets 線材樣品下星期可完成"""
"825",9,"蔡坤庭(Justin)",26,"長豐EVERFINE-TP","長豐# box PC","D","D",10,"2022-03-23","2022-03-24","""Time:15:50
items: FX23-100P-0.5SV15/ FX23-100S-0.5SVDF51K
Model No: N/A
Application: box PC
Enduser: Europe customer
內容: 拜訪PM Jeff 經理, location 在南崁,預定要成立一個新的RD team,向其介紹HRS 產品,並告知目前貴司已有跟我們交易的產品,此次重點介紹FX23 高速傳輸及帶floting type,另外 Hybrid power design (3A/pin×4)可節省一個power connector,將申請100 pin樣品供其參考,另外在W to B主推DF51K帶鎖扣為主
Semitec: NTC部分, 目前所長豐規劃的產品,是沒有用到此部分"""
"826",9,"蔡坤庭(Justin)",26,"長豐EVERFINE-TP","長豐#raspberry pi","D","D",10,"2022-04-11","2022-06-06","""1.time：13:40。 
2.Item+price：DF40C-90DS-0.4V(51) / DF40C-90DP-0.4V(51)
3.Application+產業別：raspberry pi 
4.Model:N/A
5.PP時間：預計2022.10月、PP數量：20 pcs。 
6.MP時間：預計2022.12月、MP數量：5K/lot、MP金額：NT:15萬
內容: 拜訪sourcer Michelle, 提供 DF40C-90DS-0.4V(51) / DF40C-90DP-0.4V(51) 20 pcs 樣品測試,運用raspberry pi 架構 for IOT 市場,告知此系列交期要28~32 weeks,若測試OK,務必要趕緊下單,否則年底量產絕對會來不及."""
"827",9,"蔡坤庭(Justin)",26,"長豐EVERFINE-TP","長豐#conga-PT22","D","D",10,"2022-01-18","2022-03-14","""1.time：15:15。 
2.Item+price： FH41-28S-0.5SH(05) 
3.Application+產業別：醫療display
4.Model: conga-PT22
5.PP時間：預計2021.11月、PP數量：20pcs。 
6.MP時間：預計2022 5月、MP數量: 5K/lot、MP金額：NT:13.75萬
內容: 拜訪sourcer Amy, 先前已spec in FH41-28S-0.5SH(05) 客戶也於11月下1捲for 試產單,本來預定是5月,但因疫情及烏俄戰爭,因此德國客戶要求提早至3月底,希望我司能夠協助,此部分會請原廠在協助pull in, 並在強調,現在因疫情影響,交期都非常不好,務必提早備料"""
"828",9,"蔡坤庭(Justin)",26,"長豐EVERFINE-TP","長豐#EC21","D","D",10,"2022-01-07","2022-02-14","""Time:13:50
items: FX18-140S-0.8SH FX18-140P-0.8SH
Model No: EC21
Application: box PC
Enduser: Europe customer
PP:2021.10
Forecast: 500 sets/lot
6.MP時間：預計2022.08、MP數量：500/lot、MP金額：NT11萬。
內容: 拜訪RD Mark,討論此case狀況, Mark表示 30 sets 板子已被德國congatec驗證,只需在韌體修正一下,但因現在IC缺貨嚴重,導致此case量產時間將原來四月可能延遲至Q3,雖如此,告知目前HRS此料交期非常不好,至少28weeks,務必要提早備料"""
"829",9,"蔡坤庭(Justin)",26,"長豐EVERFINE-TP","長豐#EFD","C","C",10,"2021-11-15","2021-11-16","""time: 15:40
items: DF19G-20P-1H(52)
Model No: EFD
Application: display board for 9""""
Enduser: 德國
PP:2022.01
MP: 2022.03
Forecast: 3K/M  amount: NTD: 6萬
內容: 拜訪sourcer Amy, 目前設計control board 用在dislay 9"""",使用DF19G-20P-1H(52),告知先前所使用(54) 已EOL,新料為(52), layout完全不變, 將提供spec & drawing 並重新申請樣品供其測試,此case長豐量產僅出板子到德國,所以沒線材需求. 
"""
"830",9,"蔡坤庭(Justin)",26,"長豐EVERFINE-TP","長豐#EMP","C","D",10,"2021-10-01","2021-10-05","""time: 14:00
items: FH41-28S-0.5SH(05)
Model No: EMP
Application: display board for Medical
Enduser: Europe customer
PP:2021.12
MP: 2022.02
Forecast: 5K/M  amount: NTD: 13.75萬
內容: 拜訪sourcer Amy, 目前在尋找V by One 連接器, 28 pin,用在dislay board,先前因使用一般FFC連接器,測試時EMI沒過, 推薦HRS FH41-28S-0.5SH(05),可對應,但FFC需有 Shielded, 將申請樣品供其測試
"""
"831",9,"蔡坤庭(Justin)",1686,"長盛-TP","長盛#VFe35/VF35","E","E",10,"2019-06-24","2022-03-28","""1.Time：13:50。 
2.Item+price：GT13SH-2/1P-R/ GT13SH-2/1PP-HU / GT7-2022PCF(70)/GT13-2428/1.6-2.9PCF(70)
3.Application+產業別： Antenna harness 
4.End User：裕隆日產。 
5.PP時間：預計2022.12月、PP數量：200pcs、PP金額：NT 1.1萬。 
6.MP時間：預計2023.4月、MP數量：1K/M、MP金額：NT 6萬。 
7.拜訪內容：拜訪PM Clare,提供 for 裕隆日產 車用天線,將使用HRS GT13 樣品20 pcs,此案內部溝通model name: DA8, 因不是直接交給車廠,而是交給松下,因此不知交給何者車款,因此客戶工廠在深圳,與其討論其未來交易方式,同意貨交台灣,由客戶自行送往大陸,價格上會再確認使否有contract price?"""
"832",9,"蔡坤庭(Justin)",1185,"金雨GOLDRAIN-TP","金雨#GR001","D","D",10,"2013-01-02","2021-11-10","""time:15:45
items: DF51K/DF62
Application: 自動販賣機
內容: 拜訪研展部 楊課長, 此客戶是唯一台灣研發製造自動販賣機,雖目前販賣機功能越來越強大, 但此部分模組都是外購現成,金雨只是單純整合及機構五金件,藉由楊課長帶領參觀自動販賣機內部, 都是用w to b 為主,介紹HRS w toB 系列, 楊課長對DF51K的鎖扣及DF62很有興趣,會後將先提供相關資料,等確定pin數會再申請樣品. 另外也介紹okaya SPD LV series,用AC100V以下的電源使用SPD,且為接線型態，故可簡單的安裝到產品上, 可承受500次突波,來保護自身的產品, 楊課長表示會參考"""
"833",9,"蔡坤庭(Justin)",3893,"矽創-TP","矽創#","D","D",10,"2021-12-01","2022-03-09","""1.time：15:35 
2.Item+price： ZE05-4P/8DP//12DP-2V /ZE05-4S/8DS/12DS-HU/R/ZE05-2022SCF
3.Application+產業別：AR-HUD
4.Model:  N/A
5.PP時間：預計2022.9月、PP數量：20pcs。 
6.MP時間：預計2022.10月、MP數量: 1K/lot、MP金額：NTD:5.5萬
內容: 拜訪RD Rex,先行提供各3 sets樣品供其測試,因目前客戶在W to B 都使用一般消費性產品,上次向其介紹ZE05車規產品,此次提供樣品及100mm線材部分,讓其RD直接測試感受,產品的差異"""
"834",9,"蔡坤庭(Justin)",3226,"欣樺科技SINFER-TP","欣樺#LED照明基板","D","D",10,"2022-06-16","2022-06-17","""1.Time：10:45
2.Item+price: DF59-2S-2V(51)/ DF59-2P-2C / DF59-22PCFA
3.Application+產業別：LED照明基板
4.Model: N/A
5.PP時間：預計2022.07、PP數量：30pcs。 
6.MP時間：預計2022 11、MP數量：3K/M 金額:NTD 3萬
內容: 新客戶  首次拜訪,拜訪採購 Eva,此客戶主要市場為日本,  目前此案LED照明基板上, 使用DF59-2S-2V(51) DF59-2P-2C / DF59-22PCFA 在LED 照明設備上與日本客JDM,第一次使用 switch lock, 告知此線材我司也可提供服務,Eva 表示目前只還在評估階段,確定後會把所需線材長度規格提供給我司,會先提供參考價格去評估"""
"835",9,"蔡坤庭(Justin)",2066,"東元電機TECO-TP","東元#","C","D",10,"2013-01-08","2022-03-23","""time: 10:20
application: 電動汽車馬達
items:ZE064W-24DP-HU/R/ZE064-2022PCF/ ZE064W-24DS-HU/R/ZE064-2022SCF / HVH-280-3P-6.5DS
內容:拜訪RD 黃慶智,主要是負責電動馬達, I/O 部分 都使用TE,高壓 1000V 3 pin, HRS HVH 最高只到600V,另外訊號部分此次拿ZE064W-24DP-HU demo board 讓其測試手感,希望下個model能嘗試使用.
Semitec: 黃'r 表示目前設計是使用到6組熱感應sensor( NTC /PT100),要求條件為-40度~180度, 目前semitec 只有PTFE tube sensor 有符合, 但B值的誤差值較嚴格為+-0.5%(semitec +-2%),此部分有請黃'r提供目前所使用的規格,會再與semitec 討論."""
"836",9,"蔡坤庭(Justin)",11393,"旺矽","旺矽#","A","D",10,"2021-09-01","2022-02-22","1.Time：13:30。 
2.Item+price：DF51K/ DF50 /DF62/DF22/PQ50/HR34B
3.Application+產業別： LED TEST 儀器 
拜訪內容：與HRS Jennifer 拜訪RD Peter,主要負責設計LED檢測設備,是旺矽另一部門,控制板多使用w to B,以molex &JST 為主,替代料較多,向其介紹帶鎖扣DF51K/DF50 power :DF22,I/O 防水:HR34B competitor:錩鋼, Peter對其複合型 PQ50有興趣,會後會再準備提供詳細資料,另外回來後與其電話再連絡,除HRS外再準備OKAYA & Semitec 資料mail 供其參考"
"837",9,"蔡坤庭(Justin)",11393,"旺矽","旺矽#PAT 60","D","D",10,"2022-05-19","2022-06-09","""1.Item：10:30
2.Item+price: DF62C-2S/13S-2.2C  DF62B-2EP/13EP-2.2C / DF62-22SCF/ DF62-EP22PCF/MDF97-5S-3.5C/ MDF97-22SCF
3.Application+產業別： semiconductor test equipment
4.Model: PAT 60
5.PP時間：預計2022.Q3、PP數量：10pcs。 
6.MP時間：預計2023 Q1、MP數量：50/M
內容: 拜訪RD Petere, 提供DF62C-2S/13S-2.2C  DF62B-2EP/13EP-2.2C MDF97-5S-3.5C 樣品雖還沒整個到齊20 sets ,就先提供已到12 sets讓其測試,此案半導體測試設備上, 將使用2款日本東方馬達, MDF97 板端自帶在馬達 ,DF62 2S/13S 作為馬達與Device 空接上, Peter 表示此線材它們將自行打線,是沒有問題,若此case 測試沒問題,DF62 將會導入其他設備上"""
"838",9,"蔡坤庭(Justin)",10783,"拓甫","拓甫# TPG","C","C",10,"2018-08-16","2021-09-30","""time:13:45
items: KN60B0.7-4P/2-V/KN60B0.7-4S/2-V
application: google 手機測試板
Model: TPG
MP:2021.12
forecast: 5K/lot
內容: 拜訪採購黃雅聘,主要是製作測試治具,目前有一case 是for Google 手機 的測試治具, 將會使用到KN60B0.7-4P/2-V/KN60B0.7-4S/2-V, 經與HRS確認,此料是特殊料,專為客戶所做,故要有客戶提供LOA,才可提供相關圖面及樣品,黃's表示 此部分會請PM去協商,除此case外,因主要是做測試治具,故所使用的料件,都依客戶指定,"""
"839",9,"蔡坤庭(Justin)",1187,"怡利電子ELEAD-TP","怡利#JKC","D","D",10,"2021-10-01","2021-10-14","""time: 13:45
items:GT8EH-12DP-2V(15) 
Application: dashboard
Project:JKC
MP:2022.06
Forecast:10K/M  amount: 15萬
內容: 拜訪sourcer 黃'r,此case是for印尼車廠所研發 dashboard,尋找小型車規B to W, GT8 系列是HRS目前最小是for power & signal,將申請樣品供RD 核對機構,此case日後生產將會在怡利泰國廠, 黃'r表示我司能交到泰國嗎? 此部分沒立即拒絕, 表示會與公司討論是否可行?"""
"840",9,"蔡坤庭(Justin)",1187,"怡利電子ELEAD-TP","怡利#EL-211-LG","D","D",10,"2022-01-13","2022-01-14","""1.Item：13:45。 
2.Item+price：TF45-20S-0.5SH(800)/ KM025B 40M 
3.Application+產業別: dashboard
4.Model: EL-211-LG 
5.PP時間：預計2022.8月、PP數量：100pcs。 
6.MP時間：預計2022.10月、MP數量：3K/M
內容: 拜訪sourcer super & RD 張'r, 目前有一OEM case for dashboard.客戶是LG, 將會用在現代汽車上,所使用TF45-20S-0.5SH(800)/ KM025B 40M告知此兩顆料都為HRS korea,需要詢問HRS是否可以販售? 若可以將會一併詢問是否有contract price?"""
"841",9,"蔡坤庭(Justin)",1187,"怡利電子ELEAD-TP","怡利#new","D","D",10,"2022-04-13","2022-04-14","""1.time：15:30
2.Item+price：DF40C(2.0)-20DS-0.4V(51)/DF40C-20DP-0.4V(51)
                        DF62W-4S-2.2C / DF62W-4EP-2.2C /DF62W-2226SCF /DF62W-EP2226PCF
3.Application+產業別：AVM
4.Model:  N/A
5.PP時間：預計2022.11月、PP數量：30pcs。 
6.MP時間：預計2023.1月、MP數量: 20K /M、MP金額：NTD 30萬
內容: 拜訪RD 韓'r,主要負責AVM camera, 搭配車廠為Toyota,主要市場在東南亞,生產在泰國廠.鏡頭內部最多2塊板子,常用20 pin H:3mm以下,介紹DF40C(2.0)-20DS-0.4V(51)/DF40C-20DP-0.4V(51), 4 camera/ 輛,目前有再找防水空中接頭4 pin,目前只有DF62W可對應,說明此系列非車規,但韓'R表示若測試ok雖非車規也是可行,它們會備註給車廠知道,先前有實際案例,將一併會申請樣品供其測試"""
"842",9,"蔡坤庭(Justin)",5311,"坦億DOUBLEI-TP","坦億#AN610","D","D",10,"2013-01-08","2022-02-18","""time: 13:50
items: U.FL-R-SMT-1(10) /TF38-30S-0.5SV(830)
Application: 自動販賣機控制器
Project: AN610
PP: 2022.04
6.MP:2022.05 FC:2K/lot  amount:NTD:2.2萬
內容: 拜訪RD William, 討論此案進度,因通訊芯片是使用高通,目前市場大缺貨,且市場價格飛漲,因此11月的sample run被迫延至4月,視芯片狀況來調整,且並介紹semitec NTC, William 表示雖此案是不會使用,但未來其他產品在設計上,使用機會頗大,會後將傳電子檔讓其歸檔參考"""
"843",9,"蔡坤庭(Justin)",5609,"坦順TOPROOT-TP","坦順#","C","C",10,"2018-07-25","2021-10-19","""time: 15:25
items: FunctionMax series
Application: Gaming Platform
內容:與HRS Jennifer 一同拜訪sourcer Donna, 主要產品多以X86或ARM應用為基礎產品for Gaming, 此次介紹FX18 高速傳輸連接器及IX 系列,但Donna表示 目前設計是以穩定為重要, 還未有高速傳輸需求,內部B to B 使用Pin header & w to B, I/O :RJ45, D-Sub ,多使用local, 此部分高速傳輸資料,或許在未來設計會有需求  """
"844",9,"蔡坤庭(Justin)",11388,"亞佳","亞佳#","C","D",10,"2021-09-14","2021-09-17","""time: 16:20
items: DF1B-2S-2.5R/ DF1B-2428SCF
Application: 新漢線材配合廠商
內容: 拜會亞佳採購Jessica, 目前需求DF1B-2S-2.5R:1.1K 端子1R, 告知除無庫存外,此系列因受到PA66影響, 交期非常不好 至少要24weeks, 只能盡速下單,盡量與HRS協調交期."""
"845",9,"蔡坤庭(Justin)",11446,"車王電子","車王電子#電動大巴","D","D",10,"2022-02-23","2022-02-24","""time: 13:30
items: ZE064W/GT25/ZE05/LF
Application: 電動大巴
內容: 首次拜訪,約訪電巴RD 江'r, 向其介紹HRS 可運用在電巴的產品,因目前車王電都是以先前華德動能所設計為主,慢慢從中改款,江'r展示目前所使用的產品除高電壓外,大都使用工規/軍規為主,目前有在計畫整合 I/O,向其介紹小電流LF series, 可縮減空間, 另外對於PQ50 複合型有興趣,但此部分需要在與HRS確認是否能運用在大巴上?另外得知儲能&電動工具窗口為蔡主任,將安排下次拜訪"""
"846",9,"蔡坤庭(Justin)",4987,"系統電子-TP","系統#POWER BOARD","C","E",10,"2019-11-05","2021-10-05","""time: 10:45
items: DF63M /PS/DF22
Application: 電池組/ 儲能/ 車用電子
內容: 拜訪sourcerJudy 先前RD 陳'r 已離職,與Judy 會談, 系統工廠主要在鎮江 (電池模組),惠州, 南投(TPMS), 台灣大陸都有研發,會後有先針對儲能部分HRS可對應資料提供給Judy,並請Judy  可否介紹電池組及儲能相關RD,"""
"847",9,"蔡坤庭(Justin)",6990,"秀育企業","秀育#ACK2400","C","C",10,"2019-05-28","2021-09-28","""Time: 15:50
items: CX90B-16P
Application: keyboard for 電競
Project: ACK2400
PP:2022.01
MP:2022.03
FC: 2K/M  amount:5萬
內容:拜訪sourcer cathy, 目前有一case 是for電競用keyboard, 外銷日本,在找type C接頭 ,所以此次選料時才會選擇日系廠牌,競爭者:JAE,提供此sample board及圖面讓其核對機構, 後續將提供樣品供其測試"""
"848",9,"蔡坤庭(Justin)",10756,"杏澤","杏澤#SV22","C","C",10,"2018-07-06","2021-10-19","""time: 11:00
items:  CX90MWD2G-24P type C 防水 + cable
Project Name: SV22
Application: 耳鏡
Annual Qty: 1K/M
MP date: 2022/Q1 amount: NTD:1.25萬
內容: 拜訪sourcer 邱's, 主要產品為內視鏡,用於口內攝影,耳鼻喉科,自有品牌SyncVision.I/O 部分要從micro USB 改為type C, 推薦   CX90MWD2G-24P type C 防水,IP67,告知本身另一醫療客戶,也同樣使用此系列, 且cable 我司也有認證產品1M & 1.8M"""
"849",9,"蔡坤庭(Justin)",10756,"杏澤","杏澤#I xx","D","D",10,"2022-03-21","2022-03-22","""1.time：15:35。 
2.Item+price：DM3D-SF
3.Application+產業別：內視鏡
4.Model:I xx
5.PP時間：預計2022. 10月、PP數量：5pcs。 
6.MP時間：預計2023 1月、MP數量: 2K/lot、MP金額：NT: 4.8萬
內容:拜訪sourcer 邱's, 主要產品為內視鏡,用於用於口內攝影、耳鼻喉科與獸醫,目前在找尋Micro SD 卡座,不採用Push push, 要採用push pull, HRS DM3CS-SF 可對應,將先行提供2D &3D 資料,核對機構無誤後,在申請樣品供測試,另外也請邱's也提供目標價,向HRS爭取價格"""
"850",9,"蔡坤庭(Justin)",3933,"彤晟科技-TP","彤晟#控制模組","C","C",10,"2018-10-02","2022-06-08","""time:13:45
items: DF40HC(3.0)-70DS-0.4V(51) / DF40C-70DP-0.4V/ DF40HC(4.0)-40DS-0.4V(70) / DF40C-40DP-0.4V
Application: Raspberry Pi
PP:2021.12
MP:2022.Q2
FC: 3K~5K/M  amount: NTD: 12萬
內容: 拜訪Jenny, 討論先前提供 DF40HC(3.0)-70DS-0.4V(51) / DF40C-70DP-0.4V/ DF40HC(4.0)-40DS-0.4V(70) / DF40C-40DP-0.4V 此case狀況, Jenny表示,3月時有試產100 sets ,因MPQ 數量太多且因客戶很緊急故在現貨市場先行購買,告知Jenny,日後若有此狀可先與我司討論,HRS或許可支持,並再表示此系列DF40 交期非常不好,屬配貨料,務必要抓20 weeks 以上."""
"851",9,"蔡坤庭(Justin)",8189,"利政科技-TP","利政#生化科技儀器","E","E",10,"2016-08-11","2022-03-23","""1.Time：13:45。 
2.Item+price：DF50-20DP-1V/DF50S-20DS-1C/DF50-2830SCFA
3.Application+產業別：生化科技儀器設備
4.End User：N/A
5.PP 時間 : 2022.05
6.MP時間：預計2022. 07月、MP數量：1K/lot、MP金額：NT 6.5萬。
內容: 拜訪RD 徐經理,因客戶主要設計生化儀器,提供先前介紹DF50-20DP-1V 樣品來取代先前舊版所使用DF20EG-20DP-1V,因有帶lock,會比DF20EG 更牢固,更適合使用在測試設備上.線材部分請提供長度,我司也可提供"""
"852",9,"蔡坤庭(Justin)",2037,"佐臻-TP","佐臻#無線網路通訊模組","D","D",10,"2022-03-18","2022-03-21","""1.time：13:30 
2.Item+price：K.FL2-R-SMT-1/ K.FL2-PR-SMT09
3.Application+產業別：無線網路通訊模組(WiFi/BT/FM/GPS/ZigBee…SiP Module)
4.Model:N/A
內容:拜訪RD Andrew,客戶主要設計無線模組,與各家主IC廠都有配合,如高通/英飛凌/艾睿等,應用在智能手機及智能電網, 數位家庭影音娛樂, 工業控制, 安全照護, 醫療及可攜式行動網路通訊裝置,目前RF 連接器都使用I Pex,且使用已很久,未來因搭上元宇宙,智慧型眼鏡將是未來主力產品, 也推出自有品牌J7EF智慧眼鏡,詢問其RF天線設計,目前以FPC 及 chip antenna為主,在FPC antenna,向其介紹K.FL2板對板設計產品,結合高度為0.9mm.雖I Pex 也有同質產品,還是會申請樣品供其測試比較"""
"853",9,"蔡坤庭(Justin)",8200,"百視美","百視美#Oasis","C","C",10,"2019-04-23","2022-05-06","""time: 15:20
items: FH28-10S-0.5SH(05) 
Project name: Oasis plus
Application: Medical equipment for medical cart monitor
6.MP時間：2022 Q3、MP數量：2K/M 金額:3.6萬
內容: 拜訪RD Linus, 提供FH28-10S-0.5SH(05) 10 pcs 樣品供其新案子測試,linus表示因受疫情影響,市場需求有增加,但因其他IC 缺貨狀況仍嚴重,因此雖接單到明年,但還是出不了貨,本來協力廠購料打件,但因料件價格不穩,轉向為自行購料,告知目前交期因疫情關係,交期非常不好,24~28 weeks,務必提早備料"""
"854",9,"蔡坤庭(Justin)",11402,"安博","安博#","D","D",10,"2021-10-15","2022-04-18","""time: 13:50
items: TF31-40S/50S-0.5SH(800)
application: IOT wifi module
MP:2022.01
Forecast: 33K/ lot  amount: 49.5萬
內容: 拜訪sourcer Karen, 針對今年33K需求.本月已把最後12月需求9K sets下出,本月會先交12K sets, 8月12K sets, 交期還在確認中, 告知今年度此交期仍很吃緊,明年需求應提早規劃,務必提早備料"""
"855",9,"蔡坤庭(Justin)",6727,"安捷光電-TP","安捷光電#","D","D",10,"2014-06-26","2022-04-29","""1.time：13:30
2.Item+price：DF40B-10DS-0.4V(51)/ DF40C-10DP-0.4V(51)
3.Application+產業別：醫療設備
4.Model:  N/A
5.PP時間：預計2022.7月、PP數量：5pcs。 
6.MP時間：預計2022.9月、MP數量: 5K/lot、MP金額：NTD:5萬
內容: 拜訪 apple 經理, 先前再尋找5pin B to B H:1mm, 推薦BM23FR0.6-6DS-0.35V/BM23FR0.6-6DP-0.35V H:0.6mm,但因機構問題需要H:1.3mm~2mm,向其介紹DF40 series,雖此系列結合高度有1.5mm&2mm,但pin 數是從10 pin開始,先行提供2D圖檔, 確認layout能否合適"""
"856",9,"蔡坤庭(Justin)",10492,"安捷光電-TP","安捷#Ophthalmic equipment","D","D",10,"2022-05-01","2022-05-27","""time:16:25
items:DF13-2P-1.25V(75)/DF13-3P-1.25V(75)/DF13-4P-1.25V(75)/DF13-2S-1.25C/DF13-3S-1.25C/DF13-4S-1.25C/DF13-2630SCF
Application：Ophthalmic equipment
Enduser: 印度
PP：2022.03
6.MP時間：預計2022.6月、MP數量：1K、MP金額：NT 2.5萬
內容: 拜訪RD Apple.將此樣品線材20sets 親送過去, Apple 非常感謝此次的支持,也非常抱歉地表示,因突然韓國客戶也非常有興趣,才導致此次如此緊迫,告知DF13 series交期仍然是吃緊,雖已有下100 sets, 建議立即備1K sets較為安全"""
"857",9,"蔡坤庭(Justin)",10492,"安捷光電-TP","安捷#AG-MDADVR1","D","D",10,"2022-05-13","2022-06-10","""1.Time：10:35 
2.Item+price: DF52-2S/16S-0.8H(21) / DF52-2P/16P-0.8C/DF52-2832PCF 
3.Application+產業別： phototherapy with skin
4.Model: AG-MDADVR1
5.PP時間：預計2022.Q3、PP數量：100pcs。 
6.MP時間：預計2023 Q1、MP數量：2K/M
內容: 拜訪RD經理 Apple, 提供DF52樣品各20 套, 含阜鼎打好線材部分, DF52-2S for battery /16S-0.8H(21) for switch 2pcs/set,線材規格2P housing+28AWG wire 30mm 剝皮鍍錫3mm,16P 2 housing+28AWG wire 80mm,預計在月底進行第一次測試,客戶為韓國市場,主要是利用藍光來保養皮膚,屬美容保養設備,直接給消費者使用,不需要醫療認證"""
"858",9,"蔡坤庭(Justin)",11437,"印網","印網#","D","D",10,"2022-01-21","2022-01-24","""1.time：13:20 
2.Item+price：LF10WBPD-12S(31)
3.Application+產業別：系統整合
4.Model:  NA
5.PP時間：預計2022.2月、PP數量：10pcs。 
6.MP時間：預計2022.5月、MP數量: 300 /lot、MP金額：NTD:8.25萬
內容: 拜訪RD Henry,此公司是系統整合商,也是美商奇異公司嵌入式電腦台灣總代理,目前需求"
"859",9,"蔡坤庭(Justin)",10829,"印芯","印芯#T2001JA","D","D",10,"2022-05-18","2022-05-26","""1.time：10:25
2.Item+price：IT12M1-82S-0.8SV
3.Application+產業別：CMOS sensor for surveillance camera
4.Model:  T2001JA
內容: 拜訪RD Blue,針對上周所討論 IT12M1-82S-0.8SV for CMOS sensor, 提供5 pcs 樣品測試,Blue 表示上周結束後有核對2D圖檔,針對所建議的PCB 尺寸, 電子RD已著手在設計電路,若這5 pcs 測試OK,將會先下一批50 pcs, 未來在測試板上,將會依此來設計"""
"860",9,"蔡坤庭(Justin)",10829,"印芯","印芯#FMBA","D","D",10,"2022-03-29","2022-05-16","""1.time：13:45
2.Item+price：FX27-40S-0.8SV
3.Application+產業別：fingerprint
4.Model:  N/A
內容: 拜訪RD James,目前與新竹team 共同開發for工控及網通設備的 fingerprint module,在找尋B toＢtype,且可適合所有case所要求的高度,推薦FX27 series,Floating Card Edge Connector,高度可隨機構去設計,當下即把資料pass給新竹RD,但此RD目前家隔離中,已約定好本周三再以視訊會議討論"""
"861",9,"蔡坤庭(Justin)",10829,"印芯","印芯#Wakada","C","C",10,"2018-10-29","2022-02-17","""1.time：10:40 
2.Item+price：ZE05-16DP-2H / ZE05-16DS-HU/R/ ZE05-2022SCF
3.Application+產業別：fingerprint
4.Model:  N/A
5.PP時間：預計2022.2月、PP數量：60pcs。 
6.MP時間：預計2022.5月、MP數量: 1K /lot、MP金額：NTD 6.5萬
內容: 拜訪RD James, 提供60 sets 樣品, 此次向HRS申請free樣品, 但請客戶下樣品單,for 下周 sample run,RD James 表示此案客戶schedule 很緊,60 套測試後,緊接要小批量生產,告知下次需求必須按照MPQ 最小包裝方式下單, 因物料都緊張,交期至少20 weeks以上,務必提早備料因應"""
"862",9,"蔡坤庭(Justin)",11449,"全興精機","全興精機#汽車馬達","D","D",10,"2022-03-03","2022-03-04","""1.time：13:30 
2.Item+price：ZE064W-14DP-HU/R/ZE064W-14DS-HU/R/ZE064-2022PCF/ZE064-2022SCF
3.Application+產業別：汽車馬達研發
4.Model:N/A
內容: 拜訪RD 游'r & 劉'r,主要產品為汽車馬達研發 for 汽車座椅及ECU控制盒,但由於大陸廠商的競爭,公司將轉向電動機車的ECU,因機車ECU不像汽車有車殼保護,因此在I/O上都要求防水,向其介紹HRS唯一防水ZE064W系列供其參考,討論後將先以14PIN 先行提供樣品讓其參考"""
"863",9,"蔡坤庭(Justin)",11448,"全興創新","全興創新#方向盤","D","D",10,"2022-03-03","2022-03-04","""1.time：10:30 
2.Item+price： ZE05-4P-2H/ZE05-4S-HU/R/ZE05-2022SCF
3.Application+產業別：方向盤
4.Model:N/A
內容: 拜訪RD 柯'r, 此客戶為全興集團旗下成員之一，為全國最大專業方向盤製造廠,因汽車方向盤有越來越多功能鍵,需要電子控制板來控制,主要針對歐美市場,目前在尋找3A 4pin, 推薦ZE05-4P-2H,並說營此系列為車規產品,拉拔力可達 98N,將先提供2D圖檔來核對機構,可行後再申請樣品"""
"864",9,"蔡坤庭(Justin)",1730,"全士達-TP","全士達#Tuner","D","D",10,"2019-12-23","2022-05-16","""time: 13:40
items:FX2-32P-1.27DSL(71) 2400 pcs 在途
內容: 拜訪由Vanessa,針對目前:FX2-32P-1.27DSL(71) 五月共協調出 2480 pcs可出貨 ,但仍有2400 pcs 在途部分,交期會持續pull in 中, 再次告知此系列交期今年一樣不好,務必提早備料因應,關於Toray 公司 UL 認證issue,Vanessa表示已向客戶說明,但客戶還沒回應,所以Toray 公司 UL認證尚未被取消前, 請繼續照常出貨"""
"865",9,"蔡坤庭(Justin)",11405,"立德電線電纜","立德電線電纜#線材加工","D","D",10,"2021-10-01","2021-10-27","""time: 13:35
Application:汽車、機車線材
內容: 拜訪採購朱's,立德主要是生產車用線材, 針對汽機車市場,低電壓線材,若客戶需要含連接器打成半成品,它們也可以承做,因現場只有看到抽線機,無打端子機,推測應該是轉外包,朱's表示連接器都是客戶指定,都是使用local 胡璉 貿聯為多, 告知若有任何需求,我司可以協助尋料"""
"866",9,"蔡坤庭(Justin)",5313,"永彰機電CALSONIC-TP","永彰機電#GPS AUP","E","D",10,"2013-09-18","2022-02-24","Time: 15:30
1. Item + price：ZE05H-8DP-2H & ZE05-8DS-HU/R & ZE05-2022SCF
2. Application + 產業別： 車用
3. End User： JP
拜訪內容 : 
拜訪RD 魚秦傑, 提供ZE05H-8DP-2H & ZE05-8DS-HU/R & ZE05-2022SCF 5套樣品予其參考, 另介紹SEMITEC NTC, 魚先生表示.是由另外電子RD TOM負責,但他這星期休假.魚先生看了一下產品目錄,類似SEMITEC Eyelet 產品,目前公司是使用local產品, 會再將資料提供負責RD.下星期會再約訪"
"867",9,"蔡坤庭(Justin)",8097,"永盛-TP","永盛#車用電腦","E","E",10,"2015-09-30","2022-04-28","""1.Item：13:35 
2.Item+price： ZE064W/ZE05
3.Application+產業別： 車用 ECU  for 燈光控制，車門控制/ 汽車座椅
4.Model: NA
內容: 拜訪RD 經理 Tim, 此客戶主要產品為車用ECU 研發 for 任何車上所需的控制,初期是以維修為主,介紹 ZE064W 防水I/O  ZE05 小型化 w to b,拉拔力可達98N,也可當I/O使用, 將行提供ZE05-24DP-2H/ZE05-24DS-HU/R/ZE05-2022SCF 資料參考
Semitec: NTC & CRD 產品,因汽車座椅ECU, 目前所設定功能只有方向性,並無加熱功能,目前是無使用到"""
"868",9,"蔡坤庭(Justin)",11421,"永峻電業","永峻電業#線束廠","D","D",10,"2021-12-01","2021-12-08","""time:16:00
Application: 汽機車線束廠
內容: 拜訪胡經理,此客戶是宏佳騰線束供應廠商之一,主要市場為各類汽/ 機車,運動健身器材,目前多使用local:胡連 威力盛 駿品為主,很少使用到HRS,會中表示除HRS外,有任何需要協尋的料件,都可連絡我司來代為處理"""
"869",9,"蔡坤庭(Justin)",3598,"正峰工業-TP","正峰#","D","D",10,"2022-01-07","2022-01-07","""time:13:50
Applicaation: 電動工具
items: DF50/DF62/DF57
內如: 首次拜訪,拜訪採購徐課長,此客戶主要產品為電動工具及車用燈具,徐課表示,先前是以OEM代工為主,後續才有自己品牌(TALON),但還是以OEM占多數,電動工具機以電鑽及磨平機為主,連接器多使用ｗtoB為主,先前以JST為主,但目前都以替代料為主,向其介紹我司,除HRS外,我司也可提供非HRS及線材服務,HRS:介紹 DF50/DF62/DF57,下次想辦法約訪研發部門"""
"870",9,"蔡坤庭(Justin)",657,"巨豪實業ZEBEX-TP","巨豪實業#Z-2022","D","D",10,"2022-01-18","2022-05-09","""1.time：13:45。 
2.Item+price：DF40HC(2.5)-20DS-0.4V(51)/DF40C-20DP-0.4V(51)
3.Application+產業別： Counter Scanner
4.Model: Z-2022
5.PP時間：預計2022.6月、PP數量：20pcs。 
6.MP時間：預計2022.8月、MP數量：2K/lot、MP金額：NT:4.8萬
內容: 拜訪RD Hunter,提供先前所建議DF40HC(2.5)-20DS-0.4V(51)/DF40C-20DP-0.4V(51) 20 pcs 樣品供其測試.告知此系列目前交期需26~30 weeks,若量產在八月,務必在測試無誤後,盡速下單備料, 另外與採購kiki討論cable issue,因有一項是搖擺測試500g 要20萬次,告知我司與幾家協力廠商,都認為無法達成此測試,Kiki表示已有反映給上層,會再與客戶討論"""
"871",9,"蔡坤庭(Justin)",657,"巨豪實業ZEBEX-TP","巨豪#Z-4352","D","D",10,"2014-06-16","2021-10-14","""time: 10:40
items: DF12NC-20DS-0.5V/DF12NC(4.0)-20DP-0.5V
application: 2D Handheld scanners
project name: Z-4352
PP: 2021.12
MP:2022.03
FC: 1~3K/M amunt: NTD 3.9萬
內容: 拜訪RD Hunter, 追蹤DF12NC-20DS-0.5V/DF12NC(4.0)-20DP-0.5V測試狀況,目前是無問題,但得知有另一local 競爭者 承洧, 告知DF12 貴司另一機種是使用10 pin, 此系列貴司以有採用, 價格上一定會幫忙爭取,不用擔心
"""
"872",9,"蔡坤庭(Justin)",657,"巨豪實業ZEBEX-TP","巨豪 # 手持式POS","B","D",10,"2015-01-06","2022-04-22","""1.time：10:40。 
2.Item+price：USB TYPE A +10P10C 2000mm
3.Application+產業別：手持式 Scanner
4.Model:NA 
6.MP時間：預計2022.Q4、MP數量：1K/M、MP金額：NT:5萬
內容: 拜訪採購kiki,現又有第二條cable 需求,Type A + 10P10C phone jack 2000mm,與採購討論其規格,主要有一項是搖擺測試500g 要20萬次,此部分大朋認為太嚴苛無法承做,一般USB 標準大概是500g 200次即可,kiki 表示此規格是公司既有資料都如此,先前的線材廠商是否有作此測試也無從查核,因此希望先以我們的規格送樣,由它們實際測試品質狀況"""
"873",9,"蔡坤庭(Justin)",657,"巨豪實業ZEBEX-TP","巨豪實業#POS","A","D",10,"2013-01-09","2022-06-07","""time:14:00
items:DF12NB(3.0)-10DP-0.5V(51)/ DF12NB(3.0)-10DS-0.5V(51) 
application: POS
已量產
內容: 拜訪採購Kiki針對2022新訂單DF12NB(3.0)-10DP-0.5V(51)/ DF12NB(3.0)-10DS-0.5V(51)9K套交期協調,因Kiki是新人4月剛接手,再次告知此系列交期仍未好轉,務必還是要提早下單備料, 此9K訂單客戶8月:3K 9月:3K 10月:3K 此部分雖非常困難,會再與HRS協調
"""
"874",9,"蔡坤庭(Justin)",11404,"巨艾","巨艾#JB01","D","D",10,"2021-10-01","2022-05-13","""time:15:40
items:FH52-12S-1SH/FH28-40S-0.5SH(05)
Application: month board for IPC NB
Project:JB01
PP: 2021.12
MP時間：預計2022. 10月、MP數量：1K/lot、MP金額：NT 6.2萬。
內容: 拜訪sourcer Joy,RD Hailey, 確認目前此案進度,Hailey表示上次測試硬體是沒問題,但韌體還在與客戶調教中,因此還會需要一次test run 100 sets,客戶表示此次若無法提供樣品,客戶可下單購買100 pcs,因此量產預計會再延至10月, 告知目前交期HRS 24~28 weeks,務必提早下單"""
"875",9,"蔡坤庭(Justin)",11452,"台灣山葉","台灣山葉#電動機車","D","D",10,"2022-03-08","2022-03-09","""time: 15:20
Application: 電動機車
內容:拜訪RD 黃琮文, 針對電動機車瞭解目前山葉機車走向,第一代EC-05 是由gogoro代工，車子採用Gogoro S2架構,從馬達、電池、前後懸吊、車架、燈具及基本骨架都採用Gogoro的,只有外型設計由日本山葉設計.今年剛推出EMF,也是採用Gogoro電池系統,但不再給gogoro代工,將自行生產,但黃'r表示,台灣山葉研發三部將專注電動機車研發,未來會朝向100%自主研發"""
"876",9,"蔡坤庭(Justin)",11422,"以盛","以盛#","D","D",10,"2021-12-09","2021-12-10","""time:10:20
items: HR10A-7P-6S(73)
Application: 自動控制設備
PP:2022.03
MP:2022.05
FC:50 pcs/lot amount:7.5萬
內容:(新客戶)拜訪Bill經理,此客戶主要幫業主設計自動化設備設計,此次的案子是機器視覺整合for 五金零件檢測, 設備上將架設3組FA camera, 需要cable 端,告知我司可提供此cable, 會後bill會把此3組pin define 提供給我司評估,此外,告知HR10A交期非常不好,務必提早備料.另外,介紹okaya SPD LV series,用AC100V以下的電源使用SPD,且為接線型態，故可簡單的安裝到產品上, 可承受500次突波,來保護自身的產品,bill表示會納入參考"""
"877",9,"蔡坤庭(Justin)",8096,"主向位-TP","主向位#TBA","E","E",10,"2019-10-17","2022-04-12","""1.time：14:00
2.Item+price：IX61G-A-10P/ IX30G-A-10S-CV(7.0)
3.Application+產業別：CPE Switch/PoE Switch
4.Model:  N/A
內容: 拜訪RD 副理Andy提供上次所介紹下世代RJ45--- IX series,提供IX61G-A-10P/ IX30G-A-10S-CV(7.0) 3 sets 供其測試, 並說明此次所提供的plug端是IDC type,如同RJ45方式組裝,便利性佳,副理表示會找機會測試一下,可運用在小型的PoE switch."""
"878",9,"蔡坤庭(Justin)",3493,"世益電子-TP","世益#HUD","E","E",10,"2015-09-23","2021-10-27","""time: 15:40
items: FH35C-31S-0.3SHW(50)
Application: HUD
Project: N/A
內容: 拜訪sourcer Joyce,提供 FH35C-31S-0.3SHW(50) 20 pcs 樣品,運用在HUD panel上,主要是後裝市場為主, 向其說明介紹HRS FH35C上下皆點特性,與Local 差異,Joyce 請我司提供價格, 會評估在後續機種使用"""
"879",9,"蔡坤庭(Justin)",11456,"天虹科技","天虹科技#","D","D",10,"2022-03-15","2022-05-05","""Time:13:50
items: IX61G-A-10P/ IX30G-A-10S-CV(7.0)
Project no: N/A
Application: PVD 半導體設備
內容:拜訪RD 副處長 Thomas,提供上次所介紹 IX61G-A-10P/ IX30G-A-10S-CV(7.0)樣品2 sets供其測試,並再說明此次系列plug端是IDC type,符合客戶需求,且可抗雜訊.傳輸速度高速傳輸Cat.5e (1Gbps) and Cat.6A(10Gbps)且有A/Bkey可選用,且小型化可用於訊號I/O使用
另外, 因他們有使用東方馬達,馬達上訊號現有使用JST, Thomas 向我司詢問 J11DF-06V-KY/SF1F-002GC-P0.6 料件,此部分會再向上睿協尋"""
"880",9,"蔡坤庭(Justin)",10732,"及至微-TP","及至微#微型投影儀","E","E",10,"2019-11-05","2022-02-25","""1.time：14:10。 
2.Item+price：BM22-4S-V(51)/BM22L-4P-V(51)/ FH34SRJ-24S-0.5SH
3.Application+產業別：pico project
4.Model: NA
5.PP時間：預計2022.3月、PP數量：50pcs。 
6.MP時間：預計2022.6月、MP數量: 5K/M、MP金額：NT:10.2萬
內容:拜訪Alber, 此case 新增switch board 需要FPC 24 pin, 推薦此FH34SRJ-24S-0.5SH ,向其介紹上下接點特點,先前此部分是使用Local,將申請20 pcs 樣品供其測試,價格部分請提出目標價,會極力爭取"""
"881",9,"蔡坤庭(Justin)",10732,"及至微-TP","及至微#HD2020","E","E",10,"2019-12-01","2021-12-21","""time:15:10
items: FH28D-20S-0.5SH(05) 
Application ：LiDAR
Model named ： HD2020
M/P:2022.Q2 
MP時間：預計2022.Q2、MP數量：2K、MP金額：NT4萬
內容: 拜訪RD Elvis, 確認先前小批量6K 狀況, 目前已有開始測試,因運用在車聯網上, 因此測試時間應該會到農曆年後,才會有結果,確定此料FH28 會使用,不會變動,另外,與Elvis 談到cable issue, 向表示若有cable 需求 我司亦可提供服務,"""
"882",9,"蔡坤庭(Justin)",11470,"友聯車材","友聯車材#","D","D",10,"2022-03-31","2022-04-01","""1.time：14:10
2.Item+price：ZE05/GT25 series
3.Application+產業別：汽車座椅
內容: 新客戶 / 拜訪RD 經理 張'r,此公司是台灣最大專業汽車座椅設計製造公司, 除台灣外,在中國福州、廣州及杭州皆有工廠,現在主駕座椅以6向為主,特殊是背部按摩及座椅加熱,但控制座椅ECU 友聯目前並無研發,主要是群瑜設計提供,友聯主要是座椅機構設計(骨架彈簧),但未來或許會朝向自主研發ECU,向其介紹車用W to B /ZE05/GT25 series. 及Semitec NTC."""
"883",9,"蔡坤庭(Justin)",11401,"元泰發","元泰發#","D","D",10,"2021-10-15","2022-03-10","""time: 15:25
items: DF22-3S-7.92C/ DF22L-3S-7.92C / DF22-1416SCFA
application: E lawn mower
enduser:zucchetti robot (Italy)
6.MP時間：預計2022.9月、MP數量：3K/lot、MP金額：NT:4.5萬
內容:拜訪sourcer 蕭'r, 先前所提供的樣品,客戶已送去義大利測試,但zucchetti robotz反映, 端子為何是金的?原本是鍍錫.向蕭'r說明,因HRS於去年就有宣告,此系列鍍席端子將EOL,只會提供鍍金端子,其中原因是因為此系列主要for大電流,採用鍍金較穩定,並提供HRS通知書,讓其向其義大利客戶說明,並告知此系列交期至少半年以上,務必提早下單"""
"884",9,"蔡坤庭(Justin)",3543,"中興保全SECOM-TP","NTS0060","C","D",10,"2021-08-01","2021-10-06","""Time: 15:50
items: DF40C-70DP-0.4V(51) / DF40C(2.0)-70DS-0.4V(51) 
model: NTS0060
Application：NTS ( 資料收集器)
PP：2021.Q4
MP：2022Q1
The forecast：1K/M Amount: NTD 4萬
內容:拜訪  RD 高世璋.追蹤先前所提供DF40C-70DP-0.4V(51) / DF40C(2.0)-70DS-0.4V(51) 樣品自製4G模組測試裝況, 高'r 表示因目前疫情影響, IC及相關主動元件都缺貨裝況下,此case 暫時先停止"""
"885",9,"蔡坤庭(Justin)",35,"中國端子MEGOTONE-TP","中國端子#","D","D",10,"2013-01-08","2022-04-01","""time: 15:15
items:FH52K-50S-0.5SH
Application: Dashboard 
PP: 2022.11
MP:2023.01  數量:3/lot 金額:9萬 
內容:拜訪RD Step,針對會用到TFT panel的儀表板,目前有一新案在規劃,告知貴司先前曾有使用過FH28 series, 此次向其介紹下一代FH52K series,屬車規可達 125度,所以可放心使用,價格部分我司會盡力爭取符合貴司目標價,RD表示目前只是在初步階段,因此還不能透漏太多客戶訊息,會後會先把FH52K資料2D圖檔提供給RD去評估,會再持續追鐘此案"""
"886",9,"蔡坤庭(Justin)",10001,"中國電子-TP","中國電子#事務機","D","D",10,"2017-08-02","2021-11-22","""time: 16:10
items: DF51/DF51K/DF62/ OKAYA SPD
Application:印刷事務機
內容:首次拜訪,經陵裕林總介紹採購Kimy, 主要產品為高階印刷事務機,經kimy介紹相關周邊產品, 連接器部份多使用w to b, 目前多使用國產瀚荃為主,主要是交期短及MPQ不用很多,向其介紹代鎖扣 w to b DF51/DF51K,另外重點是推展okaya SPD LV series,用AC100V以下的電源使用SPD, 可承受500次突波,來保護自身的產品, Kimy表示會後會把此份資料給高層評估"""
"887",9,"蔡坤庭(Justin)",11245,"大瓏","大瓏#","E","E",10,"2020-08-14","2022-04-19","""1.time：13:45
2.Item+price：Semitec 503FT-ZM-40239
3.Application+產業別：骨頭內視鏡
內容:拜訪RD Joker, 討論semitec issue,經與Semitec 確認, 目前Semitec 最小為0.6*0.3mm, 無 murata 0.4*0.2mm SMD type,另外  對於所選364FT1005A5P,此料是無附導線,須由自行焊入,建議使用有附導線之503FT-ZM-40239,並當下提供RT資料,但Joker表示,本以為FT是 SMD type,若是線材樣式,就不考慮,因不適合此case,目前所使用NTC 是打在板子上,來監測若過熱時,因此內視鏡是侵入性,能發出警告訊號"""
"888",9,"蔡坤庭(Justin)",11245,"大瓏","大瓏#Goldilocks","D","D",10,"2022-04-27","2022-05-31","""1.Item：13:45 
2.Item+price：DF59M-3032PCF
3.Application+產業別： 醫療設備  電燒刀
4.Model: Goldilocks
5.PP時間：預計2022.9月、PP數量：50pcs。 
6.MP時間：預計2023.Q1月、MP數量：10K/M、MP金額：
內容: 拜訪RD Joker & 採購Jake,確認目前進度,先針對先前所提供的spec/2D/3D圖檔,在機構設計上是無問題,與美國客戶Medtronic 在外觀上還在修正討論,等確定開案後會再申請正式樣品測試,告知此料為客製料,交期上務必注意"""
"889",9,"蔡坤庭(Justin)",3686,"大賀OHGA-TP","大賀#VITOM3","D","D",10,"2022-03-17","2022-05-03","""1.time：15:15。 
2.Item+price： DF58-3P-1.2V/ DF58-3S-1.2C/DF58-2830SCF/DF40C-10DS-0.4V(51)/ FWT-CTA(1000)
3.Application+產業別：監測血壓
4.Model:VITOM3
5.PP時間：預計2022. 10月、PP數量：20pcs。 
6.MP時間：預計2023 Q1月、MP數量: 1K/lot、MP金額：NT:15.5萬
內容: 拜訪sourcer Hong, 提供DF58-3P-1.2V/ DF58-3S-1.2C/DF58-2830SCF/DF40C-10DS-0.4V(51) 樣品5sets供其測試,至於 FWT-CTA(1000) 料件,告知此料為type C to USB A cable,經與敦泰協商好,待整機組裝好.由再行提供測試即可."""
"890",9,"蔡坤庭(Justin)",1611,"大朋電子-TP","大朋#線材","C","D",10,"2021-09-15","2022-06-07","""1.time：15:40。 
2.Item+price：DF13-2S-1.25C /DF13-2630SCF
3.Application+產業別：雷射二極體module
4.Model:N/A
5.PP時間：預計2022.5月、PP數量：10 pcs。 
6.MP時間：預計2023.11月、MP數量：2K/M、MP金額：NT: 3萬
內容: 拜訪Kevin, 針對華信光電提出此 DF13-2S-1.25C替代料線材,月底急需1.5K急單Issue,Kevin表示替代料是無問題可以承做,只是怕大陸運回台灣目前航班較不穩,此部分會先告知華信, 此替代料交請kevin 重新報價及提供承認書 """
"891",9,"蔡坤庭(Justin)",1182,"三久-TP","三久#太陽能熱水器 / 穀物乾燥機","E","E",10,"2016-12-28","2022-02-23","""time:10:30
items: DF50/DF51K/DF22/ semitec
Application: 太陽能熱水器 / 穀物乾燥機
內容: 前往總公司霧峰,首次拜訪 sourcer 林's & RD 歐'r,在設計基板上.都使用W to B為主,因無空間限制,都還是以pitch:2.5 or 2mm 為主, 除local 外,進口品牌以 JST & Molex 為較多,soucer 有抱怨除交期很差外,MOQ 的數量也是問題之一, 所以慢慢將淘汰此兩家產品,因HRS產品客戶從未使用過,介紹w to B  帶鎖扣DF51K/DF50 power :DF22,並強調我司可一併連同harness交貨,統一窗口解決,另外介紹Semitec產品, RD 歐'r表示它們產品不會使用NTC, 太陽能熱水器設計使採機械式原理,如大同電鍋,穀物乾燥機是採用光敏電阻設計,不用熱敏電阻, 得知大里新廠,有另一研發張經理,後續將安排拜訪"""
